0 1
1 241
2 2401
3 9121
4 26641
5 56881
6 117361
7 199921
8 340321
9 522001
10 794161
11 1113841
12 1604401
13 2131921
14 2874961
15 3721681
16 4845121
17 6024481
18 7659601
19 9306001
20 11513521
21 13825201
22 16702321
23 19622641
24 23553841
25 27334081
26 32081761
27 36987361
28 43014241
29 48867841
30 56488321
31 63638401
32 72626161
33 81577201
34 92191441
35 102594001
36 115856641
37 128013601
38 142831201
39 157601761
40 175292161
41 191833441
42 212638561
43 231720481
44 255057121
45 277948801
46 304231681
47 329149441
48 360605761
49 388924081
50 422946241
51 455968321
52 494477281
53 530208001
54 574358401
55 614638081
56 662935681
57 709034881
58 761717281
59 811008481
60 872819041
61 927294721
62 991645441
63 1054143361
64 1126045681
65 1192513201
66 1273072561
67 1345255921
68 1431349201
69 1513118161
70 1606741201
71 1692640081
72 1798922881
73 1892287201
74 2001699841
75 2107546561
76 2227733761
77 2337703681
78 2470638721
79 2588968321
80 2730521761
81 2862973201
82 3011844721
83 3149073841
84 3317826481
85 3466425841
86 3638163121
87 3802063921
88 3989076721
89 4158269521
90 4364294641
91 4545761521
92 4758944881
93 4959147121
94 5183406961
95 5390853361
96 5642510641
97 5861552401
98 6116417281
99 6358415041
100 6634372561
101 6881645041
102 7178843761
103 7441098481
104 7749697681
105 8040969361
106 8362545841
107 8656556401
108 9014665201
109 9325472401
110 9687989521
111 10028384401
112 10414847761
113 10761143281
114 11176036081
115 11543996401
116 11971309201
117 12370641841
118 12814262641
119 13219962481
120 13715293681
121 14140788001
122 14631069121
123 15094224961
124 15616180801
125 16088711041
126 16651192321
127 17142804481
128 17718023281
129 18252317041
130 18850524721
131 19390066801
132 20043492721
133 20609854321
134 21259504561
135 21877610161
136 22567535761
137 23184660721
138 23920581361
139 24565130161
140 25324517041
141 26022214321
142 26795304241
143 27497960881
144 28348404961
145 29085958561
146 29926237441
147 30719150401
148 31606608481
149 32400516481
150 33353136961
151 34179445441
152 35142589441
153 36035364961
154 37025094241
155 37926004321
156 39004255201
157 39933029761
158 40997996161
159 41998456321
160 43130914081
161 44135504161
162 45327567121
163 46366946641
164 47574460081
165 48702291121
166 49937353201
167 51055144561
168 52407477361
169 53566439041
170 54903833281
171 56150158081
172 57543138241
173 58785790561
174 60260897761
175 61561300321
176 63057722401
177 64437876001
178 65960611201
179 67337092801
180 69008185441
181 70431323521
182 72064525441
183 73589844481
184 75298231681
185 76830008641
186 78631828801
187 80202736321
188 82021732801
189 83709259201
190 85576276801
191 87248566081
192 89261831041
193 90987204961
194 92958580801
195 94819671361
196 96886908721
197 98721798481
198 100899778321
199 102791122321
200 105002562721
201 107023696801
202 109249149121
203 111262787521
204 113673399361
205 115757600641
206 118117893121
207 120328575361
208 122797896481
209 124990901281
210 127612346401
211 129866890081
212 132475232641
213 134880401281
214 137526496321
215 139930818241
216 142800594241
217 145260221761
218 148057486561
219 150671687521
220 153612104161
221 156204337441
222 159267891361
223 161929387681
224 165021177121
225 167882818801
226 170999478481
227 173806778641
228 177172020241
229 180054177841
230 183365820721
231 186444978481
232 189869334481
233 192905175601
234 196499169361
235 199638807121
236 203237064721
237 206550293521
238 210201592081
239 213478052881
240 217441549201
241 220800954481
242 224630403361
243 228206592481
244 232183317121
245 235751425441
246 239919828001
247 243538615201
248 247721412001
249 251563827361
250 255816599521
251 259611780001
252 264174128161
253 268063994401
254 272488503841
255 276649285921
256 281251036561
257 285324939121
258 290133582961
259 294315577201
260 299167706161
261 303598881361
262 308454760081
263 312820707601
264 318057066001
265 322559136721
266 327656391121
267 332393789521
268 337663174801
269 342334801201
270 347897751601
271 352674354481
272 358194938641
273 363276011281
274 368830135921
275 373865415601
276 379834549681
277 384935493841
278 390736433041
279 396149043601
280 402234541201
281 407559671281
282 413838946801
283 419278591921
284 425549210161
285 431357709361
286 437681619121
287 443371819441
288 450175553761
289 455969749681
290 462607732081
291 468740901361
292 475556496721
293 481593398641
294 488729615281
295 494940306481
296 502052128081
297 508586387281
298 515731559281
299 522150422641
300 529877233201
301 536441413681
302 543878190001
303 550801819441
304 558508617841
305 565372553521
306 573407533201
307 580351799761
308 588379603921
309 595722736081
310 603830926801
311 611050182481
312 619690960081
313 627050391601
314 635409362641
315 643284100561
316 651922161361
317 659567364721
318 668571506161
319 676368501361
320 685428193681
321 693660489361
322 702701800081
323 710792209681
324 720461164801
325 728770132321
326 738124548001
327 746827149601
328 756503798401
329 765075507841
330 775225987201
331 783929513281
332 793947239041
333 803150057761
334 813210180001
335 822305283361
336 833126257441
337 842311718401
338 852742373521
339 862438648081
340 873286401361
341 882810307921
342 894027231121
343 903740415121
344 914903338321
345 925206227281
346 936390098161
347 946417759921
348 958382518321
349 968584570321
350 980288193361
351 991070702161
352 1003042398481
353 1013599273201
354 1026020655601
355 1036843914481
356 1049194988881
357 1060554584401
358 1072942918801
359 1084047306001
360 1097438938801
361 1108731596641
362 1121539839361
363 1133453680321
364 1146700762561
365 1158464666881
366 1172192538241
367 1184055945601
368 1197725963521
369 1210247712481
370 1224033705121
371 1236325072801
372 1250939836321
373 1263394664641
374 1277532832321
375 1290763679041
376 1305340568641
377 1318206781441
378 1333394519041
379 1346460104641
380 1361603691841
381 1375368832321
382 1390419435841
383 1403903088961
384 1420009215361
385 1433865425281
386 1449393790561
387 1463838804001
388 1479828852481
389 1493956181281
390 1510705996321
391 1525056448801
392 1541622666001
393 1556729844241
394 1573243852081
395 1588153381681
396 1605819218161
397 1620836203921
398 1637858299921
399 1653716424721
400 1671411728161
401 1686887216641
402 1705077423361
403 1720793299201
404 1738844190241
405 1755533071681
406 1773655817281
407 1789848888001
408 1809166804801
409 1825587108001
410 1844344919521
411 1861624418401
412 1880769012961
413 1897725185761
414 1917621325921
415 1934912195041
416 1954667291521
417 1972714657921
418 1992451701121
419 2010106115521
420 2031368948161
421 2049277379041
422 2069568272161
423 2088431016481
424 2109333487681
425 2127909587041
426 2149556104801
427 2168295738721
428 2189758509601
429 2209432895521
430 2231071792801
431 2250286910881
432 2273250024481
433 2292733881601
434 2314870529281
435 2335522030081
436 2358210955681
437 2378244350881
438 2401772159521
439 2422077244321
440 2445640857121
441 2467077825361
442 2490407924881
443 2511273118801
444 2536121945041
445 2557440237841
446 2581393704721
447 2603623128721
448 2628357526801
449 2650082050801
450 2675836825921
451 2697869810881
452 2723149383841
453 2746286021281
454 2771551722721
455 2794416549601
456 2821384581601
457 2844291140161
458 2870230558561
459 2894336676961
460 2921197780321
461 2944711104001
462 2972423523841
463 2996244207361
464 3023644908961
465 3048870391201
466 3076192961281
467 3100636376641
468 3129787659361
469 3154618735201
470 3182875475041
471 3208881162721
472 3237716514721
473 3263133632161
474 3292952691361
475 3318885137761
476 3348501226081
477 3375549381121
478 3405037528321
479 3431414065921
480 3463122883201
481 3489843881281
482 3520078528801
483 3548207051041
484 3579268136401
485 3606867398161
486 3639053100241
487 3666773413201
488 3698641686001
489 3727744312561
490 3759857287441
491 3788266272721
492 3822076649041
493 3850841239441
494 3883410324241
495 3913902042001
496 3947371566481
497 3976920781201
498 4011502519441
499 4041322879441
500 4075817586961
501 4107115745041
502 4141272369361
503 4171815616081
504 4208376899281
505 4239533231761
506 4274542027921
507 4306992954961
508 4342880642641
509 4374529977841
510 4411977016561
511 4444094342641
512 4480908348001
513 4514560764001
514 4551225887041
515 4584269981761
516 4623273426241
517 4656463882561
518 4694101830721
519 4728896095681
520 4767779594881
521 4801720577761
522 4841601154561
523 4875934514881
524 4915321086721
525 4951732358401
526 4991025886081
527 5026161379201
528 5068061197441
529 5103592731121
530 5144111367601
531 5181424806001
532 5222769202801
533 5259126936241
534 5301763521841
535 5338808852401
536 5381036118001
537 5419577602801
538 5461622240401
539 5499342242641
540 5544463951441
541 5582465652721
542 5625455078641
543 5665302944881
544 5709468797521
545 5748630504721
546 5794360158481
547 5833640316241
548 5878690438321
549 5919928528081
550 5965246045201
551 6005401741201
552 6053236582801
553 6093941965201
554 6139850462641
555 6182740217521
556 6229792279921
557 6271266366481
558 6319979861521
559 6361921921681
560 6410616305041
561 6454601715601
562 6502527886321
563 6545356737841
564 6596288639281
565 6639921874801
566 6688878680881
567 6734441976241
568 6784692821041
569 6828905623441
570 6881182116241
571 6925862775121
572 6977156709841
573 7023980809681
574 7075192612561
575 7121190572881
576 7175620629121
577 7221724637281
578 7273872400561
579 7322182870321
580 7376024283121
581 7423231100401
582 7478429623921
583 7526022942961
584 7580641070161
585 7630956982801
586 7685289100081
587 7733831981041
588 7791714627121
589 7840764175921
590 7896660396721
591 7948037310001
592 8004944039761
593 8054990725681
594 8113799058481
595 8164917238321
596 8222872522321
597 8275830154321
598 8333599924561
599 8385181156561
600 8447101487761
601 8499201120241
602 8558278744561
603 8612921548081
604 8673242067121
605 8726854351441
606 8789167016401
607 8842842666961
608 8904498700561
609 8960880575761
610 9022655996881
611 9077425233361
612 9142597846321
613 9197880981841
614 9260379380881
615 9318737016721
616 9383069419921
617 9439441847281
618 9505530036721
619 9562452435121
620 9628218870961
621 9687910211761
622 9752883512881
623 9811085836081
624 9880226827441
625 9939293107681
626 10005527991361
627 10066932125761
628 10134732668641
629 10194471970081
630 10265344611361
631 10325642113441
632 10394864929441
633 10457992152481
634 10526798982721
635 10588742114881
636 10661775706561
637 10724019373921
638 10794192330721
639 10859217782881
640 10931695351681
641 10994905284961
642 11068995946081
643 11132799396001
644 11206134471841
645 11273455485601
646 11346269172001
647 11411270777761
648 11488754870161
649 11554410748561
650 11629191456241
651 11698061026801
652 11773935731761
653 11840762550481
654 11919085964881
655 11987068266961
656 12064497998641
657 12135174788881
658 12212320173841
659 12281006057041
660 12363337722961
661 12432650870641
662 12510982605361
663 12583565137201
664 12663844172401
665 12735205734001
666 12818031102481
667 12889257707281
668 12970856476561
669 13045378373521
670 13127234303761
671 13199795909521
672 13286366013841
673 13359523106161
674 13442192254801
675 13519460360401
676 13604064563041
677 13678533859201
678 13765800330241
679 13841150695681
680 13928081321281
681 14006685725761
682 14092400884801
683 14168867761921
684 14259849472321
685 14337607217281
686 14425025873281
687 14505726286081
688 14595048753601
689 14673584876161
690 14766310876801
691 14845496326081
692 14936209945441
693 15019457174881
694 15109706130721
695 15190919279521
696 15286801247521
697 15368085097441
698 15459903565441
699 15544907116801
700 15639836503681
701 15722509808161
702 15819552387361
703 15902949132961
704 15998723023201
705 16086632880481
706 16181644752961
707 16266706486081
708 16367457698881
709 16452993898081
710 16550403228001
711 16639978735201
712 16738956523201
713 16825958696641
714 16928195056321
715 17016729792961
716 17117212949761
717 17208953852161
718 17308893336961
719 17398100127361
720 17505256081441
721 17595471705121
722 17697105625681
723 17791168973521
724 17895058053361
725 17987258106961
726 18094482675601
727 18186700415761
728 18292858540561
729 18389415647041
730 18495290785921
731 18589059340801
732 18700407630721
733 18794927511841
734 18901698178081
735 19001605211041
736 19110968274721
737 19207116510241
738 19319812250881
739 19416672271681
740 19528491989761
741 19629818031361
742 19740440340481
743 19838881718401
744 19956000028801
745 20056032436801
746 20168125891681
747 20272008335521
748 20386684584481
749 20487824217121
750 20606901837601
751 20708557378081
752 20825197412641
753 20931462466081
754 21047258381281
755 21151373249761
756 21274562676961
757 21378674219521
758 21496264489921
759 21605180744641
760 21726536888641
761 21832307548321
762 21956193812641
763 22063111489441
764 22185188606881
765 22297678322401
766 22419031200481
767 22527373258081
768 22656222276001
769 22765363862401
770 22890069751681
771 23004139023361
772 23130091319521
773 23240944899841
774 23370950020801
775 23483570930881
776 23611710360481
777 23728806199201
778 23855952158401
779 23969425339201
780 24105284950081
781 24219702258241
782 24348856330561
783 24468503914561
784 24601061970481
785 24718087565041
786 24854052169201
787 24971038586161
788 25104985538641
789 25227232069201
790 25361417835601
791 25480543494481
792 25622112184081
793 25741849728721
794 25877002600561
795 26003060580721
796 26141128692721
797 26262631470481
798 26405354593681
799 26527800466321
800 26669366674081
801 26797445623681
802 26936725020001
803 27061086294241
804 27208629082081
805 27335207432161
806 27476650314721
807 27607455853921
808 27752110254721
809 27879184285921
810 28029384218881
811 28157403034561
812 28304398637761
813 28438143518401
814 28583881154881
815 28714842974401
816 28869419330881
817 29000321302081
818 29148104030881
819 29285474459041
820 29437621152481
821 29570434191361
822 29725949681281
823 29859735705601
824 30013154716801
825 30154142547841
826 30306748103041
827 30442494331201
828 30603874134721
829 30740607604321
830 30896225426401
831 31039051862881
832 31197093162241
833 31336249386721
834 31498675684321
835 31639517395681
836 31799606746081
837 31945754381281
838 32104644110881
839 32246385643681
840 32416779576481
841 32559543027121
842 32720718905041
843 32869822547281
844 33034404235921
845 33180433407601
846 33350198106481
847 33496568152561
848 33663823652881
849 33816133716241
850 33983318610481
851 34131244499761
852 34306821810481
853 34455777925201
854 34624434630481
855 34781471555281
856 34953467732881
857 35104529203441
858 35281598676721
859 35433720223921
860 35609235724081
861 35768561333041
862 35941497395761
863 36095753951281
864 36279463765681
865 36436037958001
866 36611392672081
867 36773630157841
868 36953182966801
869 37110797994001
870 37296661501201
871 37455320526481
872 37637142738481
873 37802957350801
874 37983257907601
875 38145808310161
876 38336644980241
877 38498531252401
878 38681277015601
879 38850310269361
880 39038859451441
881 39202970933521
882 39395903647681
883 39561135340801
884 39750368370241
885 39924267723841
886 40112054469121
887 40279541854081
888 40478672858881
889 40647787441921
890 40839652077121
891 41016077395201
892 41210366626561
893 41381302460161
894 41581367276161
895 41754803957761
896 41952679224961
897 42132407399041
898 42327928115041
899 42502318566241
900 42711218408881
901 42886799166961
902 43085096031601
903 43268893085041
904 43471475964241
905 43650791362321
906 43859021099281
907 44038095333841
908 44243028245521
909 44430213512881
910 44635996954801
911 44817450882481
912 45033241237681
913 45216030425521
914 45422189452561
915 45614379651601
916 45824777156401
917 46010379631921
918 46227334697521
919 46413611071921
920 46628867859121
921 46823307322801
922 47034927235921
923 47223732974161
924 47448511490641
925 47639995767601
926 47854381919281
927 48052908742321
928 48272120208721
929 48464543830321
930 48691573170481
931 48885836845681
932 49107453247441
933 49309592406481
934 49529583144721
935 49727517492241
936 49961127086641
937 50158564755601
938 50382044438161
939 50588108520721
940 50817302077201
941 51017279106481
942 51251330295601
943 51452604590641
944 51683336697841
945 51895965024241
946 52124719081201
947 52328545830961
948 52570411533361
949 52775626308721
950 53009018326321
951 53223084020401
952 53460418426801
953 53668143989521
954 53911577384881
955 54122285834161
956 54361467472561
957 54579783338161
958 54817172176561
959 55029463162801
960 55283134547761
961 55496142581281
962 55736631564001
963 55959197557921
964 56204434143361
965 56421831257281
966 56674987957441
967 56892003412801
968 57140917590001
969 57367449058801
970 57615842414641
971 57835562081521
972 58096623887281
973 58318348674481
974 58567831491121
975 58800482581681
976 59055483239761
977 59279301199921
978 59541224838961
979 59766589648561
980 60027061555921
981 60262342606321
982 60518023473841
983 60745990374961
984 61016936541361
985 61248132651121
986 61507013964721
987 61747021829041
988 62011193294641
989 62243382097201
990 62517807557041
991 62751385702321
992 63019149048241
993 63262847778481
994 63528790710961
995 63767100054961
996 64047596376241
997 64285442850001
998 64553826090001
999 64802314352401
1000 65078744542801
1001 65320458426961
1002 65602141849681
1003 65844358806481
1004 66121406981521
1005 66376069875601
1006 66650959096081
1007 66896071835281
1008 67188624598801
1009 67435163094001
1010 67715570086321
1011 67972762993201
1012 68256723228721
1013 68506205436241
1014 68798263779601
1015 69051982218001
1016 69339575331601
1017 69601721040241
1018 69886565057041
1019 70140506623441
1020 70444243715281
1021 70699683458161
1022 70988739392881
1023 71255408776561
1024 71549920819681
1025 71810462520961
1026 72113334264961
1027 72373422725761
1028 72670817612641
1029 72942786764641
1030 73240183617121
1031 73503202687201
1032 73815764536801
1033 74080317241921
1034 74379031348801
1035 74657577311041
1036 74962862890561
1037 75230556382081
1038 75543704766721
1039 75812894123521
1040 76124028584641
1041 76404803113921
1042 76710271959841
1043 76983376311841
1044 77306852101441
1045 77583170706241
1046 77892170949121
1047 78177828405121
1048 78493460521921
1049 78770497477921
1050 79098198923041
1051 79376823479521
1052 79695537648481
1053 79986665913601
1054 80302885351681
1055 80586957855361
1056 80922165352321
1057 81206415469441
1058 81526199272561
1059 81821791764721
1060 82150442927281
1061 82437096522961
1062 82772917468561
1063 83061195160081
1064 83392516696081
1065 83695567944721
1066 84022787545681
1067 84314551170001
1068 84660381253201
1069 84953568015601
1070 85286975990641
1071 85594090769521
1072 85931981077681
1073 86228489332081
1074 86575362695281
1075 86875922017201
1076 87216950744401
1077 87527873586001
1078 87867353606161
1079 88168983211921
1080 88530574987921
1081 88833774291601
1082 89175789603121
1083 89491984022641
1084 89840676032881
1085 90150589100401
1086 90509219896561
1087 90817467617521
1088 91170795618001
1089 91492894818241
1090 91845350183041
1091 92157013360321
1092 92527931663041
1093 92841311988961
1094 93194833408801
1095 93524222729761
1096 93885240831361
1097 94202074353121
1098 94573217160961
1099 94892715609601
1100 95260291026241
1101 95592466432321
1102 95953867696321
1103 96275928431041
1104 96658688932801
1105 96985310326081
1106 97351658767681
1107 97689762530881
1108 98062131454561
1109 98389476581761
1110 98775484375681
1111 99104851319041
1112 99481912367041
1113 99826070662081
1114 100199337441121
1115 100534685977441
1116 100929806548321
1117 101264287015681
1118 101641765557121
1119 101990500750081
1120 102380066219521
1121 102718203851521
1122 103114072546561
1123 103453972034881
1124 103842706530721
1125 104200411922401
1126 104585871586081
1127 104930448903841
1128 105338601812641
1129 105683978538241
1130 106076677657921
1131 106436931616321
1132 106834025710081
1133 107183348997121
1134 107593418655361
1135 107947138475521
1136 108349231132801
1137 108715067529601
1138 109112982751201
1139 109467691782241
1140 109891712223841
1141 110249258778721
1142 110651384708641
1143 111023535113761
1144 111434589248161
1145 111797741105761
1146 112219158004321
1147 112581338156641
1148 112996722780001
1149 113374265067361
1150 113788246710241
1151 114154209738721
1152 114589650370321
1153 114957524429041
1154 115372460502481
1155 115760434380241
1156 116183410682401
1157 116555296456801
1158 116990090684641
1159 117363793849441
1160 117795262705441
1161 118185297150241
1162 118610158505761
1163 118987687565281
1164 119435408922721
1165 119817924903841
1166 120246264775201
1167 120641829981601
1168 121078868363521
1169 121463388591361
1170 121916231805121
1171 122301605376001
1172 122742299216161
1173 123144111885601
1174 123580997814241
1175 123973477452001
1176 124437331533601
1177 124828953599521
1178 125270399538721
1179 125678832893281
1180 126132213350881
1181 126527544408961
1182 126989936628481
1183 127388619446401
1184 127843885441441
1185 128261352270241
1186 128711772443521
1187 129113159532481
1188 129590160454081
1189 129993602273281
1190 130453665891841
1191 130874141493121
1192 131338577673121
1193 131746082327041
1194 132222701015041
1195 132635535075841
1196 133104112101121
1197 133532847832321
1198 133997078920321
1199 134411074110721
1200 134906542607041
1201 135322300271521
1202 135791196963841
1203 136224510641281
1204 136703695816321
1205 137126980881601
1206 137618766113281
1207 138040873209601
1208 138524263670401
1209 138964308193921
1210 139446818752801
1211 139874291150881
1212 140379716100001
1213 140808061043521
1214 141291141898561
1215 141741741727681
1216 142234991642881
1217 142667588118241
1218 143175024995041
1219 143609796396001
1220 144110863700641
1221 144564269680801
1222 145057192809121
1223 145496219185441
1224 146018492864641
1225 146464534722961
1226 146962082942641
1227 147421851432241
1228 147928782891121
1229 148374302568721
1230 148899521291281
1231 149347219545361
1232 149861988740881
1233 150329152335601
1234 150836504181841
1235 151292471369041
1236 151828520016721
1237 152282796589681
1238 152795098175281
1239 153269871013681
1240 153796903410481
1241 154255695678961
1242 154792917746161
1243 155254183378801
1244 155781189043441
1245 156265333378801
1246 156789154287601
1247 157254562316401
1248 157807705017841
1249 158275330917841
1250 158806927440001
1251 159294850881601
1252 159832089382561
1253 160305599052961
1254 160858236262561
1255 161336429003041
1256 161879762120641
1257 162374085723841
1258 162911739436801
1259 163390687512001
1260 163965543380161
1261 164446997168641
1262 164989674687361
1263 165491110752001
1264 166045011609601
1265 166535134755841
1266 167103279763201
1267 167592839262721
1268 168150939108001
1269 168660258122401
1270 169217746311841
1271 169710544125601
1272 170295813319201
1273 170790991168801
1274 171351184175041
1275 171871314957121
1276 172440495606721
1277 172940281430881
1278 173525510500321
1279 174027648253921
1280 174607468834561
1281 175132178584321
1282 175701067983841
1283 176207931708961
1284 176808889293601
1285 177322201016161
1286 177896432065441
1287 178428343141921
1288 179016028338721
1289 179530036475521
1290 180135925599361
1291 180652330040641
1292 181242929941441
1293 181780953247681
1294 182365967699521
1295 182892898973761
1296 183512904164401
1297 184036542182161
1298 184627445087761
1299 185172993087121
1300 185779547716081
1301 186308045452561
1302 186927871587601
1303 187458810418321
1304 188066847437521
1305 188625175512721
1306 189226616881201
1307 189762460427761
1308 190397750344561
1309 190938142531441
1310 191549983250161
1311 192110918315761
1312 192730372710481
1313 193273877621521
1314 193909968733681
1315 194460078121201
1316 195085812910321
1317 195654355284721
1318 196272528233521
1319 196823266975921
1320 197483048134321
1321 198036295933201
1322 198660114262321
1323 199238940723121
1324 199874298126961
1325 200437092697681
1326 201090335484241
1327 201651156152401
1328 202293525663121
1329 202877751092881
1330 203520005147281
1331 204086338087441
1332 204758143854001
1333 205326632414641
1334 205967671857841
1335 206564584056241
1336 207218492001841
1337 207793759514161
1338 208464456586801
1339 209040892461361
1340 209704835006641
1341 210305823362641
1342 210958877814481
1343 211540349468881
1344 212232912615121
1345 212821537541521
1346 213479951372401
1347 214088238044401
1348 214758776694481
1349 215348043011281
1350 216043455961681
1351 216636984590161
1352 217314977172961
1353 217931900751841
1354 218602124417281
1355 219203976380161
1356 219911804423041
1357 220511579744641
1358 221189733033601
1359 221815248552961
1360 222510842157121
1361 223115884288801
1362 223823323929121
1363 224431068095521
1364 225126313274401
1365 225766528427041
1366 226454730321121
1367 227067809808481
1368 227796909816481
1369 228412696311601
1370 229112516016241
1371 229753899655921
1372 230462962087921
1373 231084149796241
1374 231810453511441
1375 232439863791121
1376 233154462613201
1377 233805328989361
1378 234512154092401
1379 235143356169841
1380 235895467063921
1381 236527576506001
1382 237240245549521
1383 237898618612561
1384 238625570219761
1385 239268289183921
1386 240017514248881
1387 240657993484081
1388 241390012792561
1389 242056991931121
1390 242787910270321
1391 243434145481201
1392 244201365126001
1393 244851987462001
1394 245583542111281
1395 246265531041841
1396 247010280837841
1397 247665108234961
1398 248430140197201
1399 249087290005201
1400 249848025502801
1401 250532441132881
1402 251276500873201
1403 251939360947441
1404 252726484089841
1405 253397450479921
1406 254148021190321
1407 254843291313841
1408 255609482755441
1409 256280825378641
1410 257072014094161
1411 257746357989841
1412 258517009844401
1413 259220092186321
1414 259985647784401
1415 260671043069521
1416 261478432925521
1417 262161587151121
1418 262931412943921
1419 263643092232241
1420 264433190130481
1421 265123873955281
1422 265930053520081
1423 266621607272401
1424 267413598769201
1425 268139707268401
1426 268922726829361
1427 269620128785521
1428 270449379258481
1429 271149717640081
1430 271946530269841
1431 272676866186641
1432 273482107922641
1433 274188343859761
1434 275014011981361
1435 275730977221681
1436 276541597487281
1437 277280140540081
1438 278083001653681
1439 278798145858481
1440 279655416382801
1441 280374086433361
1442 281186027046481
1443 281934214992721
1444 282758579015041
1445 283488647700961
1446 284335217831521
1447 285062355821281
1448 285894891598081
1449 286655366288641
1450 287485166771041
1451 288218351615521
1452 289088062005601
1453 289824282808321
1454 290654242469761
1455 291427021799041
1456 292276468264321
1457 293018818170241
1458 293887832128561
1459 294633211067761
1460 295491976083121
1461 296268144846001
1462 297112061839921
1463 297866455491121
1464 298758767129521
1465 299519416771441
1466 300370095701521
1467 301156905998161
1468 302022934735441
1469 302784092288401
1470 303683255585041
1471 304447178011921
1472 305322085441681
1473 306117537029521
1474 306982871149201
1475 307759256840401
1476 308673344514481
1477 309448907540401
1478 310320647727601
1479 311126056258801
1480 312022145780401
1481 312801754014481
1482 313713688388881
1483 314496459330001
1484 315393729170641
1485 316217045829841
1486 317103018231121
1487 317892140224081
1488 318829286909521
1489 319621597270321
1490 320521888942321
1491 321349266954481
1492 322258469421841
1493 323057182259761
1494 323992124254321
1495 324800901037681
1496 325719881936881
1497 326554852016881
1498 327465108710641
1499 328273489790641
1500 329239341601201
1501 330051082657201
1502 330965982521521
1503 331812150581041
1504 332745295775281
1505 333572382515761
1506 334528767996721
1507 335350778443441
1508 336290011977841
1509 337145222886001
1510 338082256702321
1511 338910207702001
1512 339897410646001
1513 340728824065201
1514 341665827948241
1515 342538205257681
1516 343491993006481
1517 344329875003601
1518 345310121296081
1519 346153780685521
1520 347124837283921
1521 348002171275681
1522 348954107212801
1523 349801941453121
1524 350806796708161
1525 351664843143841
1526 352627102235041
1527 353513283620641
1528 354491572849441
1529 355350111851041
1530 356362519290721
1531 357223784320801
1532 358208090998561
1533 359107376128801
1534 360082454647201
1535 360957432233761
1536 361988224383841
1537 362859696644641
1538 363841970922241
1539 364750587800641
1540 365762091124801
1541 366640418249281
1542 367667041694401
1543 368548717696321
1544 369558061439521
1545 370483296091681
1546 371480978314561
1547 372372706562881
1548 373427192544001
1549 374319193860001
1550 375332782050721
1551 376262114827681
1552 377287449306241
1553 378186378756961
1554 379240241305441
1555 380149867521121
1556 381181162523521
1557 382121850329761
1558 383143108956961
1559 384052497728161
1560 385141235705761
1561 386056790439841
1562 387086546213281
1563 388036893733921
1564 389084476764961
1565 390011765136481
1566 391088593392481
1567 392012053695841
1568 393072546461521
1569 394033880550481
1570 395087110901521
1571 396017661080401
1572 397120485091921
1573 398055721607281
1574 399108599359921
1575 400093004097841
1576 401166414607441
1577 402107806370641
1578 403208025145681
1579 404152863755281
1580 405241259416081
1581 406225053223441
1582 407297184153361
1583 408249221502481
1584 409382013017041
1585 410345308640401
1586 411422946542161
1587 412417829485201
1588 413514069445681
1589 414479780700721
1590 415614302522161
1591 416580878097841
1592 417687314337841
1593 418694826465841
1594 419788351465681
1595 420770772860881
1596 421928415971281
1597 422905936733041
1598 424007949586801
1599 425025966123121
1600 426158499565441
1601 427143383917921
1602 428296094464321
1603 429287556678721
1604 430417267337761
1605 431454536593441
1606 432573788061601
1607 433569786992161
1608 434752150428961
1609 435751872716161
1610 436891077866881
1611 437933074438081
1612 439080333374401
1613 440087530189921
1614 441264780042721
1615 442284171652321
1616 443441654131201
1617 444497814193921
1618 445641480474721
1619 446659958793121
1620 447878247138241
1621 448900504593121
1622 450052673934241
1623 451116721570081
1624 452294700034081
1625 453333321501601
1626 454537025427361
1627 455570676359521
1628 456752770522081
1629 457830086048641
1630 459008742424321
1631 460053071769601
1632 461289715643521
1633 462334933215361
1634 463513050956161
1635 464609578757761
1636 465808260891361
1637 466861088536321
1638 468097422389761
1639 469154907845761
1640 470374165594561
1641 471474010011841
1642 472669327361761
1643 473733816972001
1644 474995220390241
1645 476075255779681
1646 477279329998561
1647 478392812897761
1648 479620427242081
1649 480696798450721
1650 481965688930081
1651 483046252457761
1652 484284053072161
1653 485408412560161
1654 486630128613601
1655 487726772899681
1656 489020022010081
1657 490111911704641
1658 491342512931041
1659 492482263638241
1660 493744497084001
1661 494845139979361
1662 496130577907681
1663 497234371807201
1664 498498702729601
1665 499658257888321
1666 500910663908641
1667 502022441820001
1668 503339899567201
1669 504455683881601
1670 505723259283841
1671 506884533707521
1672 508167441515521
1673 509294544030721
1674 510609872747521
1675 511746832850881
1676 513035605102081
1677 514209982786561
1678 515485656581761
1679 516621713627521
1680 517985156361601
1681 519125197920721
1682 520410068976481
1683 521599245969121
1684 522906561423361
1685 524063929504321
1686 525405862284481
1687 526561497700801
1688 527880405753601
1689 529079613596161
1690 530393876141281
1691 531554538749281
1692 532931519084641
1693 534096133378561
1694 535413463793281
1695 536635194387841
1696 537973274121121
1697 539146162730881
1698 540516953301121
1699 541693993725121
1700 543050048978401
1701 544280258035681
1702 545611591039201
1703 546797504531041
1704 548204528185441
1705 549404540412001
1706 550745145444481
1707 551983103911681
1708 553351097187841
1709 554549043707041
1710 555962376030241
1711 557164588398241
1712 558540851829601
1713 559791910278241
1714 561151463513281
1715 562375324697281
1716 563811554869441
1717 565026651836161
1718 566395745760961
1719 567661668745921
1720 569068197069121
1721 570291555876001
1722 571725486356641
1723 572953115172961
1724 574355818792801
1725 575643761681761
1726 577032070681441
1727 578269198395361
1728 579738881816161
1729 580983744612961
1730 582392912343841
1731 583683824572321
1732 585106146142081
1733 586355274103201
1734 587815411475041
1735 589078896856801
1736 590517778956001
1737 591823887013441
1738 593242422258241
1739 594504606473281
1740 596012166031681
1741 597278672916961
1742 598706604144481
1743 600028395028321
1744 601483283531521
1745 602768742083521
1746 604261073594401
1747 605540719928161
1748 607003157777761
1749 608335770710881
1750 609798724333921
1751 611087444028001
1752 612616751589601
1753 613909627936321
1754 615366604385761
1755 616725200494561
1756 618207471684961
1757 619513013770081
1758 621034313053921
1759 622340510289121
1760 623848944025441
1761 625208144692321
1762 626685148031041
1763 628000312121281
1764 629565210802801
1765 630895377017521
1766 632382462255601
1767 633755849622001
1768 635272306090801
1769 636600967926001
1770 638166062108401
1771 639504176094961
1772 641027335251121
1773 642416346799441
1774 643923733264081
1775 645276726522961
1776 646870114956241
1777 648216823220401
1778 649738854467761
1779 651140161673521
1780 652696397047921
1781 654052837710001
1782 655640665572721
1783 657001061337841
1784 658558036685041
1785 659989345720561
1786 661527768222961
1787 662897340319921
1788 664520088271921
1789 665894263968721
1790 667455194103121
1791 668886941511121
1792 670469943731281
1793 671854397251921
1794 673471950818641
1795 674871103605841
1796 676456993857841
1797 677901268353841
1798 679470782414641
1799 680872204895281
1800 682546265278081
1801 683948279374561
1802 685528506197281
1803 686987295906721
1804 688595703808801
1805 690018578696641
1806 691672752177601
1807 693089470440001
1808 694710479769121
1809 696185907647521
1810 697799746230241
1811 699225244165921
1812 700914218699041
1813 702348654880321
1814 703960322991361
1815 705461466952321
1816 707103737545921
1817 708543572118721
1818 710228239524961
1819 711673007416801
1820 713342139779041
1821 714845057994721
1822 716478143343841
1823 717932166248161
1824 719658535188961
1825 721129116593281
1826 722774219283841
1827 724298543552641
1828 725970722327521
1829 727439205757921
1830 729168917549281
1831 730642166955361
1832 732328229151361
1833 733861767772801
1834 735532190052481
1835 737026979379841
1836 738786726023041
1837 740275624114561
1838 741952111484161
1839 743500039278721
1840 745222461536641
1841 746724347483521
1842 748474302656641
1843 749976929130241
1844 751693401758881
1845 753271142127841
1846 754970393772001
1847 756482603153761
1848 758283910443361
1849 759801056657041
1850 761524415149681
1851 763102843115761
1852 764841753012721
1853 766369059593521
1854 768155801000881
1855 769704513328561
1856 771458210913361
1857 773052038068561
1858 774783850662961
1859 776327587620721
1860 778169047824241
1861 779715905515921
1862 781464278592721
1863 783075947714641
1864 784851914769841
1865 786421223138161
1866 788240475569521
1867 789802343096881
1868 791586712418161
1869 793216377467761
1870 794997786595441
1871 796569714430321
1872 798438990518161
1873 800015964666481
1874 801792903687121
1875 803446759533841
1876 805259428070161
1877 806846527222321
1878 808701103965361
1879 810293281830961
1880 812129969920561
1881 813790074554161
1882 815589867817681
1883 817196907299281
1884 819095322499921
1885 820716465312721
1886 822527933968081
1887 824200634408401
1888 826046540557201
1889 827664274566001
1890 829577929503601
1891 831200868962161
1892 833056318535281
1893 834744648593521
1894 836579089341361
1895 838225353126961
1896 840163591974961
1897 841806743365681
1898 843653676343921
1899 845360365909681
1900 847253434496881
1901 848902195065361
1902 850828786312081
1903 852483999202321
1904 854383080153361
1905 856117487853841
1906 857987017918321
1907 859651439432881
1908 861625954750801
1909 863295758682961
1910 865192134726481
1911 866934957412561
1912 868851686980561
1913 870531868300081
1914 872496711090481
1915 874195651383601
1916 876121138628401
1917 877876911735601
1918 879787530611761
1919 881483819824561
1920 883513191750961
1921 885214887936241
1922 887131960237921
1923 888901838369761
1924 890852471229601
1925 892584607439521
1926 894587701384801
1927 896305083239521
1928 898270335328321
1929 900056831926081
1930 902013405951361
1931 903741462949441
1932 905794845072961
1933 907528277050081
1934 909481416148321
1935 911301487841761
1936 913293226753681
1937 915038236537681
1938 917077019756881
1939 918831744547921
1940 920846490656401
1941 922666535617681
1942 924644012619601
1943 926404564770001
1944 928496635405201
1945 930276678834001
1946 932272201918801
1947 934110566514001
1948 936134149360081
1949 937910982964081
1950 940004842779121
1951 941787151983601
1952 943827211723921
1953 945689149756561
1954 947703511398001
1955 949511668410481
1956 951636160149361
1957 953435227528561
1958 955463510814961
1959 957334661739121
1960 959422005106321
1961 961231908997201
1962 963349438450801
1963 965165664489841
1964 967239520415281
1965 969143024873521
1966 971194726983601
1967 973026571731121
1968 975194604218161
1969 977028077709361
1970 979108842697201
1971 981017209398001
1972 983117024497201
1973 984960309533521
1974 987120380312401
1975 988984189842001
1976 991101180354001
1977 993024385083601
1978 995114084306641
1979 996974237124241
1980 999200132520721
1981 1001071370442001
1982 1003173573749521
1983 1005114341884561
1984 1007256455802001
1985 1009148596007761
1986 1011341884579921
1987 1013224687412881
1988 1015381780087441
1989 1017344100680401
1990 1019488884776401
1991 1021384504698961
1992 1023632317684561
1993 1025532228162481
1994 1027672846426321
1995 1029670970151121
1996 1031847856431121
1997 1033759229384881
1998 1035995623746481
1999 1037912745186481
2000 1040124659239921
2001 1042119004174321
2002 1044294429131761
2003 1046223082098481
2004 1048507847638321
2005 1050457759186801
2006 1052637711798001
2007 1054652464512241
2008 1056872645093041
2009 1058824400344081
2010 1061116366390801
2011 1063068220950481
2012 1065297877961041
2013 1067329602922321
2014 1069535617575121
2015 1071515817930961
2016 1073856302537041
2017 1075825679876401
2018 1078044526333201
2019 1080092924918161
2020 1082367337189201
2021 1084348498451281
2022 1086663234613201
2023 1088656438009681
2024 1090932009760081
2025 1093018252391521
2026 1095263592259201
2027 1097262406743361
2028 1099631324417281
2029 1101636061310881
2030 1103919527256481
2031 1106004667548961
2032 1108305904069921
2033 1110322816511521
2034 1112682127889281
2035 1114722454800001
2036 1117032856269601
2037 1119142666501921
2038 1121428140599521
2039 1123462665076321
2040 1125896722593121
2041 1127938169076001
2042 1130237126761921
2043 1132362252983041
2044 1134706817786881
2045 1136775775990081
2046 1139175800443201
2047 1141234538433601
2048 1143590634778801
2049 1145731707338161
2050 1148076582649681
2051 1150153276910161
2052 1152609903278161
2053 1154686623968881
2054 1157027420116081
2055 1159204636974961
2056 1161587869972561
2057 1163678749061041
2058 1166126471429041
2059 1168221545112241
2060 1170633764026801
2061 1172815557330001
2062 1175182728960721
2063 1177289944332241
2064 1179790973422801
2065 1181927451195601
2066 1184308425541681
2067 1186507436973361
2068 1188930340284721
2069 1191055994967121
2070 1193562908627281
2071 1195695046019281
2072 1198141512649681
2073 1200358705229521
2074 1202767946653201
2075 1204929442522321
2076 1207469423864401
2077 1209619910525521
2078 1212042614736721
2079 1214290399901521
2080 1216779542058001
2081 1218942397444081
2082 1221469368207601
2083 1223638465596721
2084 1226116157346961
2085 1228390125513361
2086 1230848064681361
2087 1233029682082321
2088 1235621919574321
2089 1237809815007121
2090 1240296682450321
2091 1242572630248081
2092 1245078965551441
2093 1247287054547281
2094 1249857971651281
2095 1252082427865681
2096 1254608024342161
2097 1256906156070001
2098 1259399488674001
2099 1261618954986001
2100 1264276977818641
2101 1266504467139601
2102 1269012088147921
2103 1271326940673361
2104 1273881019972561
2105 1276137482263441
2106 1278757636649521
2107 1281009169636081
2108 1283574060633841
2109 1285909169510641
2110 1288465822043761
2111 1290723572515441
2112 1293405241442161
2113 1295669415097681
2114 1298227666151761
2115 1300604371936081
2116 1303198173894721
2117 1305475329659521
2118 1308135662088961
2119 1310420218273921
2120 1313053929645121
2121 1315435658172481
2122 1318015540533601
2123 1320313738595041
2124 1323037619598241
2125 1325359633197601
2126 1327954132421281
2127 1330349145998881
2128 1333000284648481
2129 1335316282894081
2130 1338043744131841
2131 1340366275513921
2132 1343020390055041
2133 1345439047079041
2134 1348064919697921
2135 1350426113571841
2136 1353197491635841
2137 1355539696120801
2138 1358178376982401
2139 1360614437838721
2140 1363318746969601
2141 1365674128382881
2142 1368438161392801
2143 1370800149762721
2144 1373503344411361
2145 1375982317037281
2146 1378650891326881
2147 1381026478594081
2148 1383840006984481
2149 1386228834681121
2150 1388933868578401
2151 1391414149404001
2152 1394147050848001
2153 1396542259386721
2154 1399340564961121
2155 1401761669839201
2156 1404515230002721
2157 1407013020133921
2158 1409727686585761
2159 1412143468740001
2160 1415036821053601
2161 1417458828881281
2162 1420187622614401
2163 1422713660077441
2164 1425487784270881
2165 1427942750268001
2166 1430788500043681
2167 1433232573204001
2168 1436026885888801
2169 1438569955685761
2170 1441359173293441
2171 1443816078702721
2172 1446724972938241
2173 1449187605622081
2174 1451961835110721
2175 1454543436611521
2176 1457370061794721
2177 1459853485748641
2178 1462752378550801
2179 1465235414072401
2180 1468094218698001
2181 1470676315422481
2182 1473481284018001
2183 1475978080462801
2184 1478950507957201
2185 1481474715752401
2186 1484295138685681
2187 1486902180560881
2188 1489769632077361
2189 1492288902285361
2190 1495253406174001
2191 1497785050616881
2192 1500673812554641
2193 1503299332091281
2194 1506150833787121
2195 1508709274471921
2196 1511719655024401
2197 1514265893835601
2198 1517141379873361
2199 1519787936544721
2200 1522733575157521
2201 1525292674590481
2202 1528282253245201
2203 1530848241907921
2204 1533779607715921
2205 1536480665714161
2206 1539379212326641
2207 1541959203625201
2208 1545021369408241
2209 1547608406004961
2210 1550547998544481
2211 1553240149139041
2212 1556211642054241
2213 1558812732677761
2214 1561855666546561
2215 1564484680980481
2216 1567468733314081
2217 1570180813896481
2218 1573126920041281
2219 1575756869997121
2220 1578887822103361
2221 1581517223670241
2222 1584481526160481
2223 1587220948070881
2224 1590238081003681
2225 1592903036796481
2226 1596000461451841
2227 1598651771232961
2228 1601679379551841
2229 1604435738133601
2230 1607453874960481
2231 1610119175096161
2232 1613285552273761
2233 1615967718622561
2234 1618978042828801
2235 1621778950252801
2236 1624840720644481
2237 1627527358897441
2238 1630665975634081
2239 1633359826334881
2240 1636476360492961
2241 1639281323705761
2242 1642324562393761
2243 1645032876691681
2244 1648243811662561
2245 1650981101686561
2246 1654040197081441
2247 1656872106795361
2248 1659987307892161
2249 1662718657691521
2250 1665938006216641
2251 1668675402837121
2252 1671801908998081
2253 1674648264131521
2254 1677749459991361
2255 1680525616096321
2256 1683791537064001
2257 1686550948158721
2258 1689659338689121
2259 1692532290312481
2260 1695717516505441
2261 1698500617407841
2262 1701742903033441
2263 1704524412854881
2264 1707706605250081
2265 1710621821567521
2266 1713765731150881
2267 1716561915510241
2268 1719888036071521
2269 1722691627537921
2270 1725875105919361
2271 1728790229111041
2272 1732007056268161
2273 1734825501168481
2274 1738118028739681
2275 1740976313566561
2276 1744203848141761
2277 1747148476885441
2278 1750340858164801
2279 1753181736250561
2280 1756579708282561
2281 1759428017252641
2282 1762645936246561
2283 1765607514717601
2284 1768869202815841
2285 1771755429194401
2286 1775104782840481
2287 1777975627777441
2288 1781264763509281
2289 1784258458459681
2290 1787526825178081
2291 1790412884122081
2292 1793831043410401
2293 1796724542872321
2294 1799984164243201
2295 1803021535161601
2296 1806350302348801
2297 1809258970846561
2298 1812656851432801
2299 1815575742468001
2300 1818933593571361
2301 1821967171184161
2302 1825260838440481
2303 1828200959696161
2304 1831684484930641
2305 1834647163714321
2306 1837958030242801
2307 1841013994662001
2308 1844379587257681
2309 1847334080768881
2310 1850825845668721
2311 1853788023164401
2312 1857177627777601
2313 1860261572015521
2314 1863608543985121
2315 1866609950108641
2316 1870136614401121
2317 1873130627372641
2318 1876493955855841
2319 1879597856104801
2320 1883050344506401
2321 1886053396688161
2322 1889563706691361
2323 1892572518228001
2324 1896018615889441
2325 1899172001371681
2326 1902569762907361
2327 1905595269464161
2328 1909183173492961
2329 1912215725546401
2330 1915658369376481
2331 1918824139016161
2332 1922298451306081
2333 1925346033715201
2334 1928906120572801
2335 1931985990908161
2336 1935482391327841
2337 1938659640390241
2338 1942120322440801
2339 1945191478653601
2340 1948864540276321
2341 1951943581353601
2342 1955411943491521
2343 1958615628120001
2344 1962147215743201
2345 1965275931299041
2346 1968892245324001
2347 1971995021945761
2348 1975538652255841
2349 1978769142877441
2350 1982301459617281
2351 1985420127509761
2352 1989131753075521
2353 1992259810575361
2354 1995784409168641
2355 1999061125816321
2356 2002641742878721
2357 2005784349269281
2358 2009460249460321
2359 2012620048030561
2360 2016253302382561
2361 2019528922057441
2362 2023086901580161
2363 2026254214383361
2364 2030004729052801
2365 2033207285850241
2366 2036795431211521
2367 2040100453484161
2368 2043742593601441
2369 2046933709034401
2370 2050690910493601
2371 2053889849088481
2372 2057543257160641
2373 2060878775609281
2374 2064491259409921
2375 2067732816856321
2376 2071555358488321
2377 2074778644080481
2378 2078409620453281
2379 2081762271703201
2380 2085493898831521
2381 2088733484193601
2382 2092517764605121
2383 2095765520418241
2384 2099481803766241
2385 2102889871301281
2386 2106557413186561
2387 2109833637043201
2388 2113699544179201
2389 2116971893748001
2390 2120687400295201
2391 2124089478072481
2392 2127844513138081
2393 2131133327328001
2394 2134991948908801
2395 2138315392646401
2396 2142080822582401
2397 2145509307016321
2398 2149235263729921
2399 2152548878257921
2400 2156512732075201
2401 2159844354187441
2402 2163586173167761
2403 2167044473999761
2404 2170847747170801
2405 2174214592928881
2406 2178114416025841
2407 2181461434262641
2408 2185301479843441
2409 2188783595522161
2410 2192593161109681
2411 2195956749717361
2412 2199945674374321
2413 2203318133791921
2414 2207117097658801
2415 2210661291461041
2416 2214529241455921
2417 2217918004427281
2418 2221878405138961
2419 2225275653225361
2420 2229189349980721
2421 2232725771165521
2422 2236573022748241
2423 2239987085380561
2424 2244037408602961
2425 2247487535364721
2426 2251342639856401
2427 2254900712730001
2428 2258819035220881
2429 2262268550866321
2430 2266323949328401
2431 2269776804057361
2432 2273722805025361
2433 2277307331864401
2434 2281200700142641
2435 2284693459575601
2436 2288809336465201
2437 2292282920654161
2438 2296195863262801
2439 2299811751642961
2440 2303827154015761
2441 2307317870525041
2442 2311398524346481
2443 2314908030234481
2444 2318906184497521
2445 2322573115444081
2446 2326524352830961
2447 2330040873300721
2448 2334219955509841
2449 2337745230953041
2450 2341759607677921
2451 2345424862871521
2452 2349460531764481
2453 2353005644862721
2454 2357143561269121
2455 2360723093414401
2456 2364785489352001
2457 2368494672379201
2458 2372504349477601
2459 2376072858736801
2460 2380332966153121
2461 2383910486647201
2462 2387939770933921
2463 2391658536022561
2464 2395776799556641
2465 2399401137947041
2466 2403605610299521
2467 2407209061874881
2468 2411324249072161
2469 2415070257753121
2470 2419173962437921
2471 2422805527341601
2472 2427101259655201
2473 2430731067131521
2474 2434819556288161
2475 2438631263005921
2476 2442786598089121
2477 2446434047369281
2478 2450707002914881
2479 2454363378832321
2480 2458580538916801
2481 2462381433305281
2482 2466510563721601
2483 2470186255559041
2484 2474543723437441
2485 2478266924492161
2486 2482418315185921
2487 2486246852334721
2488 2490470116907521
2489 2494171375576321
2490 2498528674594561
2491 2502238380867841
2492 2506487150461441
2493 2510348565190561
2494 2514537237449761
2495 2518294602809761
2496 2522719759191841
2497 2526459083004961
2498 2530667716104961
2499 2534564090390401
2500 2538875928847921
2501 2542630501664881
2502 2547021812639281
2503 2550785328846001
2504 2555090596285201
2505 2559034164203281
2506 2563295751236881
2507 2567077653246481
2508 2571560155057681
2509 2575352526933841
2510 2579656261598161
2511 2583602254898641
2512 2587949848614001
2513 2591769757810801
2514 2596218670239601
2515 2600067119326321
2516 2604428088331441
2517 2608396851249841
2518 2612707383926641
2519 2616546417849841
2520 2621153139533041
2521 2624998435555921
2522 2629331519652241
2523 2633328896270161
2524 2637730613922001
2525 2641625402754481
2526 2646138327336241
2527 2650023001633201
2528 2654454326823601
2529 2658485450294161
2530 2662896558610321
2531 2666787795560401
2532 2671396082842321
2533 2675297346754321
2534 2679703382250001
2535 2683792199057041
2536 2688264643022641
2537 2692183687752241
2538 2696767558881841
2539 2700695810918641
2540 2705217659566321
2541 2709316020856561
2542 2713751201180401
2543 2717698048462321
2544 2722381202471281
2545 2726369018706481
2546 2730825619352881
2547 2734943430708721
2548 2739487218426001
2549 2743462068462001
2550 2748143245500721
2551 2752127459137201
2552 2756688701329201
2553 2760830626229041
2554 2765328698646481
2555 2769375481732561
2556 2774122339740241
2557 2778134732386801
2558 2782653972169201
2559 2786824743381361
2560 2791463308056721
2561 2795496395749201
2562 2800218783497041
2563 2804262523868881
2564 2808876848998321
2565 2813117053414321
2566 2817678826940401
2567 2821739306811121
2568 2826555199783921
2569 2830636211915761
2570 2835256017418801
2571 2839485738594481
2572 2844143390438641
2573 2848231720381681
2574 2853018920070001
2575 2857149694164721
2576 2861852180329201
2577 2866111583650801
2578 2870737656882001
2579 2874854509011601
2580 2879768943016081
2581 2883895555408081
2582 2888543195379601
2583 2892850677021841
2584 2897583566637841
2585 2901765564134161
2586 2906607773890321
2587 2910764948002321
2588 2915510065222801
2589 2919829248777361
2590 2924571630245521
2591 2928746216902801
2592 2933706390879361
2593 2937890652125281
2594 2942603394285121
2595 2946987471670081
2596 2951780350793281
2597 2955996325638241
2598 2960906257632481
2599 2965119981519841
2600 2969980727519041
2601 2974366933830481
2602 2979123413458801
2603 2983356890684401
2604 2988384369335281
2605 2992660933178161
2606 2997439382654641
2607 3001852603416241
2608 3006717938949361
2609 3010980135556561
2610 3016005088233361
2611 3020289549175441
2612 3025167906942001
2613 3029610359649841
2614 3034432951568881
2615 3038758954969201
2616 3043849976905201
2617 3048151501492561
2618 3053015031174481
2619 3057492244748881
2620 3062454952800721
2621 3066776231775601
2622 3071824647366001
2623 3076155899731441
2624 3081111551430481
2625 3085662962702161
2626 3090554506901521
2627 3094905628769041
2628 3100065034456561
2629 3104429280242161
2630 3109380264729841
2631 3113913080350321
2632 3118927530372721
2633 3123308435205841
2634 3128425316575441
2635 3132852388708561
2636 3137866458182161
2637 3142436392935601
2638 3147393041617201
2639 3151819018820401
2640 3157098395918641
2641 3161520000686641
2642 3166499230876561
2643 3171094352374801
2644 3176154212155441
2645 3180631185399121
2646 3185840623546321
2647 3190291782112081
2648 3195383344868881
2649 3200009832276241
2650 3205074983412721
2651 3209549711245681
2652 3214848236070001
2653 3219342797516401
2654 3224390183529841
2655 3229091676768241
2656 3234230770083121
2657 3238732567057681
2658 3243990595925521
2659 3248502566448721
2660 3253711960445521
2661 3258401607224401
2662 3263498603685841
2663 3268030967265361
2664 3273414616216561
2665 3277995690630001
2666 3283112087675761
2667 3287847296000881
2668 3293046838151281
2669 3297610836339121
2670 3302983046124721
2671 3307556379975601
2672 3312788761331761
2673 3317552245239601
2674 3322729652850481
2675 3327360613181041
2676 3332800711659121
2677 3337404934715281
2678 3342592857586321
2679 3347379060927121
2680 3352699696392721
2681 3357338073066001
2682 3362746968270001
2683 3367382219307121
2684 3372679216527601
2685 3377535443612401
2686 3382768688502001
2687 3387424702110961
2688 3392965209592561
2689 3397631627697361
2690 3402929252034961
2691 3407788331598481
2692 3413128799337841
2693 3417816072911761
2694 3423290652959761
2695 3428043373242001
2696 3433416867903601
2697 3438299800537201
2698 3443603197388401
2699 3448321870532401
2700 3453962442241201
2701 3458691718506481
2702 3464033476162801
2703 3468949737389041
2704 3474374837013121
2705 3479163051374401
2706 3484715363584321
2707 3489476120522881
2708 3494912379142561
2709 3499881463765921
2710 3505298131431841
2711 3510080023775521
2712 3515752344393121
2713 3520544827856641
2714 3525942805751041
2715 3530963636897281
2716 3536464213574401
2717 3541284438124801
2718 3546914077799041
2719 3551738428429441
2720 3557303325862081
2721 3562317404429761
2722 3567762783614881
2723 3572622584722081
2724 3578360706249121
2725 3583256230456321
2726 3588725927953921
2727 3593780177445121
2728 3599351662782721
2729 3604229438740321
2730 3609991375114081
2731 3614879883248161
2732 3620461965277921
2733 3625542675252961
2734 3631060390639201
2735 3636009690516961
2736 3641843736905761
2737 3646780292558881
2738 3652322371014961
2739 3657440468274481
2740 3663116783656561
2741 3668059188861841
2742 3673831641618961
2743 3678787128627601
2744 3684469341267601
2745 3689665340577361
2746 3695256029952241
2747 3700231051490161
2748 3706122181624561
2749 3711107988604561
2750 3716772681121681
2751 3721969550436241
2752 3727686360094801
2753 3732693962921521
2754 3738551760306961
2755 3743611378002961
2756 3749344514949841
2757 3754560253433041
2758 3760241072130001
2759 3765281664027601
2760 3771308854069201
2761 3776364034468561
2762 3782053019447281
2763 3787309829233201
2764 3793090367030641
2765 3798219245213041
2766 3804144602780401
2767 3809228991179761
2768 3815045846689681
2769 3820332407360401
2770 3826116878037841
2771 3831224388999121
2772 3837301436748241
2773 3842419046297041
2774 3848183359413841
2775 3853544919168721
2776 3859411101298321
2777 3864550814442481
2778 3870553626689521
2779 3875719469790961
2780 3881648029653361
2781 3887008516130161
2782 3892824633028081
2783 3898002047913841
2784 3904139968973041
2785 3909365703879601
2786 3915221304903601
2787 3920609166308401
2788 3926542887352561
2789 3931749518169361
2790 3937887418544401
2791 3943105258465681
2792 3949073458885681
2793 3954512841791281
2794 3960406288365361
2795 3965690987945521
2796 3971896247194801
2797 3977147810932561
2798 3983062159204561
2799 3988527135754321
2800 3994614320137681
2801 3999888446954161
2802 4006048187624881
2803 4011333620175601
2804 4017368771402641
2805 4022910933133201
2806 4028876673801361
2807 4034200241838481
2808 4040508009486481
2809 4045827491888161
2810 4051866189398881
2811 4057394444129761
2812 4063482406558561
2813 4068824835084961
2814 4075082266196641
2815 4080478701488161
2816 4086608233340641
2817 4092179323001281
2818 4098221406610081
2819 4103597867232481
2820 4110015286813921
2821 4115421548102881
2822 4121490643164001
2823 4127089999983841
2824 4133265771695041
2825 4138720272430561
2826 4145048013507841
2827 4150474451717761
2828 4156683958235521
2829 4162319638496641
2830 4168488196062721
2831 4173934404942721
2832 4180394903944321
2833 4185851866393441
2834 4192000254423841
2835 4197741229639201
2836 4203985372180801
2837 4209465481841761
2838 4215870595436641
2839 4221363422179681
2840 4227695028624481
2841 4233402177617761
2842 4239618332040961
2843 4245133285106881
2844 4251672297132481
2845 4257243110234881
2846 4263467094005761
2847 4269213107715841
2848 4275549208883041
2849 4281119625210721
2850 4287654601703521
2851 4293216241956001
2852 4299567400617121
2853 4305354819560641
2854 4311631437166081
2855 4317261200184961
2856 4323906563564161
2857 4329503391594721
2858 4335806437029121
2859 4341622752785281
2860 4348085788560001
2861 4353706157371681
2862 4360279180622881
2863 4365927764923681
2864 4372371075293281
2865 4378270911873121
2866 4384627035307201
2867 4390282918307521
2868 4396980004182721
2869 4402648480355521
2870 4409101167518401
2871 4415003492884801
2872 4421499559396801
2873 4427194697092321
2874 4433841584567521
2875 4439591332527841
2876 4446103428227041
2877 4452047575841761
2878 4458483873684961
2879 4464210993070561
2880 4471069180156801
2881 4476808334743681
2882 4483276365198721
2883 4489240590137281
2884 4495826330665921
2885 4501635435694081
2886 4508369127210241
2887 4514144121955201
2888 4520750326791601
2889 4526759902638001
2890 4533330520811281
2891 4539146537372881
2892 4546013161765201
2893 4551828603861841
2894 4558372845769681
2895 4564459964959441
2896 4571121674311921
2897 4576956887497681
2898 4583801159712721
2899 4589651128624081
2900 4596381732536881
2901 4602458165286961
2902 4609056828887281
2903 4614928373286001
2904 4621897970247601
2905 4627846029224881
2906 4634472016449361
2907 4640596456516561
2908 4647328351548241
2909 4653236377651441
2910 4660191391614961
2911 4666111714222321
2912 4672907467411441
2913 4679059618084081
2914 4685740767237361
2915 4691737525436401
2916 4698786194209441
2917 4704743097220801
2918 4711451507673601
2919 4717659801715201
2920 4724541685742401
2921 4730523622505281
2922 4737509141371201
2923 4743503008929601
2924 4750348113435841
2925 4756638001848481
2926 4763427544709281
2927 4769445921985441
2928 4776585940411681
2929 4782616916198881
2930 4789462762976161
2931 4795729665860641
2932 4802629617182401
2933 4808702735736001
2934 4815784028405761
2935 4821900431406721
2936 4828840524712321
2937 4835150739381121
2938 4842001157357761
2939 4848093860242561
2940 4855387073648641
2941 4861493467149121
2942 4868368768991041
2943 4874721668159041
2944 4881720930517441
2945 4887901173666241
2946 4895060237956801
2947 4901220738179521
2948 4908239559372481
2949 4914622632603841
2950 4921610103824641
2951 4927780549576321
2952 4935105772717921
2953 4941285959240641
2954 4948266026473921
2955 4954739517547201
2956 4961810299065601
2957 4968015633824161
2958 4975264310604961
2959 4981486916969761
2960 4988657164919521
2961 4995145948965601
2962 5002162423072321
2963 5008405607955841
2964 5015802408992641
2965 5022108291418561
2966 5029153229888641
2967 5035654516360321
2968 5042844966453121
2969 5049126155063521
2970 5056536004996321
2971 5062829895703201
2972 5070016116291361
2973 5076556304359201
2974 5083658402295841
2975 5090048580475681
2976 5097545954161441
2977 5103880936566241
2978 5111011729813441
2979 5117600299056001
2980 5124902664840001
2981 5131265099876161
2982 5138711501985601
2983 5145082895467201
2984 5152368970034401
2985 5159041631666401
2986 5166230047207681
2987 5172626439828481
2988 5180209858228801
2989 5186637607139041
2990 5193916598189281
2991 5200576299454561
2992 5207929717555681
2993 5214364573218721
2994 5221879303938721
2995 5228378539170721
2996 5235761732353441
2997 5242470927595201
2998 5249746357315201
2999 5256219879475201
3000 5263959924806401
3001 5270446406966881
3002 5277752076470881
3003 5284520065227361
3004 5291940919682401
3005 5298505473374881
3006 5306120985910561
3007 5312646678024481
3008 5320111864496161
3009 5326893939286561
3010 5334337719950881
3011 5340889261630561
3012 5348646610531681
3013 5355211758561121
3014 5362609852581601
3015 5369494845825121
3016 5377021580313121
3017 5383631580932641
3018 5391328479106081
3019 5397932380512481
3020 5405532765911521
3021 5412395922609121
3022 5419847481606241
3023 5426477667166561
3024 5434376978244961
3025 5441078939279281
3026 5448561660052081
3027 5455464737917681
3028 5463064880524561
3029 5469737659306321
3030 5477589055091281
3031 5484291501940561
3032 5491934869516561
3033 5498888263463281
3034 5506429201437361
3035 5513192333407921
3036 5521143220002481
3037 5527865949199441
3038 5535458883704401
3039 5542444385514961
3040 5550213045748561
3041 5556962373249841
3042 5564858379175681
3043 5571622409758081
3044 5579343667914721
3045 5586447784189921
3046 5594078292352801
3047 5600872749973921
3048 5608925357154721
3049 5615728091550721
3050 5623450509471841
3051 5630528789900641
3052 5638333780307041
3053 5645163428458081
3054 5653139060928481
3055 5660039984724961
3056 5667867970844641
3057 5674978334703841
3058 5682705185718241
3059 5689596673667041
3060 5697808422900001
3061 5704691794735681
3062 5712443180006401
3063 5719595492807041
3064 5727483429882241
3065 5734449104957761
3066 5742542671129921
3067 5749466599553281
3068 5757375569758081
3069 5764585167024001
3070 5772459965303041
3071 5779411169147521
3072 5787657506354881
3073 5794642455526081
3074 5802485705873281
3075 5809780873509121
3076 5817748209316321
3077 5824741509841441
3078 5832919061747041
3079 5839924580636641
3080 5848030463439841
3081 5855312940342241
3082 5863217884462561
3083 5870250741931681
3084 5878577798764321
3085 5885680724611681
3086 5893615808628961
3087 5900968688916961
3088 5909045164236481
3089 5916119162789281
3090 5924446274658721
3091 5931539347925281
3092 5939631659288641
3093 5946996193250881
3094 5955021747485761
3095 5962193969684161
3096 5970644302546561
3097 5977774446053761
3098 5985802457897761
3099 5993209933641121
3100 6001431260076961
3101 6008608886785441
3102 6016972881778081
3103 6024143799336481
3104 6032346694206721
3105 6039867803147521
3106 6047958168204001
3107 6055159829042401
3108 6063707825268961
3109 6070920119036161
3110 6079106754977281
3111 6086602172739841
3112 6094866660087841
3113 6102112267387681
3114 6110578457643841
3115 6117911950367041
3116 6126195492565441
3117 6133732794555841
3118 6141917293496641
3119 6149199405695041
3120 6157911170606401
3121 6165207300341281
3122 6173447292948001
3123 6181038232900321
3124 6189390696396001
3125 6196773981426241
3126 6205327109112001
3127 6212665484385601
3128 6221060499086401
3129 6228707420942401
3130 6237053016286081
3131 6244419758010241
3132 6253154031642241
3133 6260538004447681
3134 6268849147177921
3135 6276586068112321
3136 6285070038556081
3137 6292478956721041
3138 6301130963521681
3139 6308554173876241
3140 6317097042279121
3141 6324819995643121
3142 6333194947253041
3143 6340668183509041
3144 6349505882779441
3145 6357033034760881
3146 6365450163399121
3147 6373207198167121
3148 6381747206605201
3149 6389241571773841
3150 6398101214415121
3151 6405610390928401
3152 6414199509894961
3153 6422000997476401
3154 6430473523345201
3155 6438071008607281
3156 6446995005338161
3157 6454574352164401
3158 6463077899650801
3159 6470938363336561
3160 6479660438152561
3161 6487241025760561
3162 6496095170026801
3163 6503689838446321
3164 6512386011544561
3165 6520340041647601
3166 6528908377789681
3167 6536531895821041
3168 6545594469935281
3169 6553232440129681
3170 6561902100739921
3171 6569861104019281
3172 6578601944778001
3173 6586269993507601
3174 6595223939994961
3175 6602967323127121
3176 6611752259796721
3177 6619743813959761
3178 6628435215255121
3179 6636153084220561
3180 6645355316772241
3181 6653080383670321
3182 6661779563851441
3183 6669805864530481
3184 6678659245794481
3185 6686501947881841
3186 6695569557033841
3187 6703338419482801
3188 6712208122259281
3189 6720279897621841
3190 6729121690178641
3191 6736919841427921
3192 6746196844435921
3193 6754009937054161
3194 6762807623910001
3195 6771000830882161
3196 6779939379584881
3197 6787782249383281
3198 6796944398210161
3199 6804824254354801
3200 6813884525673601
3201 6822053907154561
3202 6830917866326881
3203 6838804325469601
3204 6848154088790401
3205 6856118540383681
3206 6865041700313281
3207 6873250929660481
3208 6882304090421281
3209 6890234952420481
3210 6899570375721601
3211 6907520852846401
3212 6916599225865921
3213 6924891730595521
3214 6933855720970561
3215 6941894955660481
3216 6951355884288961
3217 6959346208924321
3218 6968343709509121
3219 6976645940632321
3220 6985886160188161
3221 6993906327275041
3222 7003284296415841
3223 7011325449773281
3224 7020519237139681
3225 7028934898153441
3226 7037999669493121
3227 7046088252839041
3228 7055637057200641
3229 7063717131918241
3230 7072891656404641
3231 7081297677515041
3232 7090557784618561
3233 7098668014905601
3234 7108173455470081
3235 7116363657795841
3236 7125640062073441
3237 7134085691034721
3238 7143251995900321
3239 7151407508591521
3240 7161170504233921
3241 7169364819364801
3242 7178565136458721
3243 7187054716961761
3244 7196400090506401
3245 7204672731184801
3246 7214249159907361
3247 7222466789429281
3248 7231892630779681
3249 7240441172764561
3250 7249788765972241
3251 7258035123312721
3252 7267798499599441
3253 7276060085666161
3254 7285362944055601
3255 7294040509946161
3256 7303513456317361
3257 7311805556059921
3258 7321501395798961
3259 7329808780514161
3260 7339368993339121
3261 7347999929526001
3262 7357398893633521
3263 7365740700328561
3264 7375633884342001
3265 7384054063500721
3266 7393461021647281
3267 7402158125548081
3268 7411713969445681
3269 7420122504329521
3270 7429991254543921
3271 7438390743706801
3272 7447996621078801
3273 7456723190042641
3274 7466198638847281
3275 7474696966149361
3276 7484725007405041
3277 7493171155137841
3278 7502688524241841
3279 7511463173367601
3280 7521219319559281
3281 7529697807002161
3282 7539596406757681
3283 7548113537954161
3284 7557808889792401
3285 7566714165362641
3286 7576294571854801
3287 7584819166770001
3288 7594927673614801
3289 7603477599610321
3290 7613197918115281
3291 7622069256724561
3292 7631835636499921
3293 7640405928591121
3294 7650427274683921
3295 7659081695967121
3296 7668902872976401
3297 7677848829538321
3298 7687536170416081
3299 7696153211992081
3300 7706445323658001
3301 7715078046834481
3302 7724803118583601
3303 7733783717955121
3304 7743703079043121
3305 7752436535650801
3306 7762555771042801
3307 7771235653149361
3308 7781145127805041
3309 7790162828377201
3310 7800032626951921
3311 7808776115351281
3312 7819124318916721
3313 7827851531388241
3314 7837678538639281
3315 7846823937651121
3316 7856805480931921
3317 7865564643535441
3318 7875822399900241
3319 7884597114482641
3320 7894712272917841
3321 7903841091065521
3322 7913746877123761
3323 7922553355348081
3324 7932979685211121
3325 7941900446772721
3326 7951834591868401
3327 7961000255430001
3328 7971114903336721
3329 7979969170606321
3330 7990405167034801
3331 7999275402320881
3332 8009433806707921
3333 8018656081122001
3334 8028662082324241
3335 8037636634529041
3336 8048194343873041
3337 8057112709190161
3338 8067154768019761
3339 8076459333353521
3340 8086740778282801
3341 8095695216109681
3342 8106146685922801
3343 8115113132628721
3344 8125378588097521
3345 8134768347114481
3346 8144912269751281
3347 8153910940853041
3348 8164579718222641
3349 8173596366503281
3350 8183829007433521
3351 8193194460519601
3352 8203522292943601
3353 8212595821878001
3354 8223165221038321
3355 8232307983364081
3356 8242655115258481
3357 8252083420296721
3358 8262307933708561
3359 8271403741055761
3360 8282311574200081
3361 8291423638571761
3362 8301684012603841
3363 8311151866299841
3364 8321573598196561
3365 8330791391828881
3366 8341493984762641
3367 8350686008102161
3368 8361162440166961
3369 8370679625839921
3370 8381095938568561
3371 8390289578683441
3372 8401174144566961
3373 8410384158035281
3374 8420784876782161
3375 8430443394887761
3376 8440996913853841
3377 8450246676911761
3378 8461039547494801
3379 8470299115597201
3380 8480959245129841
3381 8490607410027121
3382 8501053373499121
3383 8510347437915121
3384 8521382143342321
3385 8530765274658481
3386 8541246803303761
3387 8550917351620561
3388 8561602364984401
3389 8570944065673201
3390 8581939641024241
3391 8591297890337521
3392 8602002563934481
3393 8611742287024081
3394 8622298284511921
3395 8631792430557361
3396 8642911065182641
3397 8652319215019441
3398 8662912578835441
3399 8672693630872561
3400 8683560648998161
3401 8693003312774161
3402 8704075194289681
3403 8713533299698321
3404 8724331889615761
3405 8734236044580241
3406 8744909266006801
3407 8754400608441361
3408 8765659202845201
3409 8775194990503441
3410 8785995100542481
3411 8795885748841681
3412 8806759545216241
3413 8816301121055761
3414 8827442747260561
3415 8837077573777681
3416 8848040259620881
3417 8857972112490001
3418 8868753631162801
3419 8878349983811761
3420 8889813679322161
3421 8899429727887921
3422 8910249639199921
3423 8920260942736561
3424 8931271344198001
3425 8940991679442961
3426 8952251205480721
3427 8961911478024721
3428 8972938965375601
3429 8982987517926001
3430 8994002268582001
3431 9003695725741681
3432 9015205241504881
3433 9024915541602001
3434 9035851414302481
3435 9046019666315281
3436 9057124539260881
3437 9066897230197201
3438 9078290537061841
3439 9088053264290641
3440 9099307895198161
3441 9109448939463121
3442 9120459168725041
3443 9130261931509681
3444 9141892700963761
3445 9151788252406321
3446 9162836911753201
3447 9173044037165041
3448 9184284881241841
3449 9194131583925841
3450 9205723069926481
3451 9215618089024081
3452 9226878817577041
3453 9237125782374481
3454 9248259931799761
3455 9258237298409041
3456 9269994770681041
3457 9279910151079601
3458 9291113916250801
3459 9301414389894961
3460 9312844305934321
3461 9322794144618001
3462 9334412354674321
3463 9344379452397841
3464 9355777508813041
3465 9366266659722481
3466 9377508811372561
3467 9387510487027921
3468 9399353823488401
3469 9409372818058801
3470 9420744186494641
3471 9431156988177841
3472 9442670504598961
3473 9452725026183601
3474 9464479998700561
3475 9474632286849361
3476 9486138183834961
3477 9496601872449361
3478 9507961530384721
3479 9518096996932561
3480 9530178124900561
3481 9540301502265601
3482 9551700064233121
3483 9562231013324641
3484 9573813122170081
3485 9584054887260001
3486 9595951005214561
3487 9606134416090081
3488 9617773834922881
3489 9628344648589441
3490 9639913775557441
3491 9650124599502721
3492 9662229066202081
3493 9672487270042081
3494 9684004087045921
3495 9694714534517281
3496 9706434070709281
3497 9716702305536481
3498 9728695821934561
3499 9738977004454561
3500 9750843183841441
3501 9761537571743041
3502 9773136048989761
3503 9783452885121601
3504 9795689959815361
3505 9806106796179841
3506 9817742683300321
3507 9828509249679841
3508 9840326947547521
3509 9850704754012321
3510 9862932118991521
3511 9873319444231201
3512 9885197918839201
3513 9895988378823841
3514 9907738257589921
3515 9918246247535521
3516 9930585675060001
3517 9941026344519361
3518 9952782119636161
3519 9963645412163521
3520 9975712922333761
3521 9986219799205441
3522 9998452605207361
3523 10008951578337601
3524 10020931716529441
3525 10031921146386721
3526 10043757623198881
3527 10054287605003041
3528 10066828231423441
3529 10077376136597041
3530 10089347632529521
3531 10100313050375281
3532 10112374963973041
3533 10122958776878161
3534 10135319263175761
3535 10146037041548881
3536 10158171285532561
3537 10169199525647761
3538 10181157482164561
3539 10191795309321361
3540 10204489962134161
3541 10215145834795441
3542 10227188860674481
3543 10238258130300721
3544 10250464268743921
3545 10261241829843121
3546 10273742933778001
3547 10284453065375761
3548 10296679644477841
3549 10307842763379601
3550 10320019702709521
3551 10330766216979601
3552 10343513664840721
3553 10354290090427921
3554 10366410464805361
3555 10377696978712561
3556 10390042343274481
3557 10400843315201041
3558 10413455080052881
3559 10424274281464081
3560 10436745482752081
3561 10447984321242961
3562 10460192287201681
3563 10471079658510481
3564 10483958706730321
3565 10494920980583761
3566 10507164542469841
3567 10518460913407441
3568 10530919377681361
3569 10541830190554321
3570 10554711971874001
3571 10565640981092881
3572 10578119296945681
3573 10589487155166001
3574 10601813304038641
3575 10612880848775281
3576 10625885061815281
3577 10636901398025041
3578 10649268979296241
3579 10660679109606001
3580 10673339987362801
3581 10684361068628881
3582 10697246795300881
3583 10708286352810001
3584 10720950370653841
3585 10732509724356241
3586 10744969806042001
3587 10756048633685521
3588 10769168790393361
3589 10780264131704401
3590 10792856506789201
3591 10804432937893201
3592 10817141784433201
3593 10828274032959121
3594 10841272503423121
3595 10852512559013521
3596 10865243061951121
3597 10876834927282321
3598 10889447729608081
3599 10900635944766481
3600 10914031289470561
3601 10925243164734241
3602 10937861291602561
3603 10949502506208001
3604 10962319901547841
3605 10973687070131521
3606 10986816177516481
3607 10998079063007041
3608 11010968359208641
3609 11022683303988001
3610 11035489177978561
3611 11046790506824641
3612 11060207691725761
3613 11071526875901281
3614 11084277340262881
3615 11096129322090721
3616 11109097743019201
3617 11120454563686561
3618 11133733414592161
3619 11145150931566241
3620 11158240955626081
3621 11170059954323041
3622 11182889435744161
3623 11194302867432481
3624 11207837800334881
3625 11219362812888481
3626 11232272738520001
3627 11244169656530881
3628 11257242075653761
3629 11268713980114561
3630 11282224275763201
3631 11293713481025281
3632 11306854453074241
3633 11318823680220481
3634 11331782191375681
3635 11343401626635841
3636 11357066151153121
3637 11368612406158081
3638 11381615317184641
3639 11393608975603201
3640 11406984899328001
3641 11418577996066561
3642 11432104260007681
3643 11443707753297601
3644 11456953890018241
3645 11469120085434721
3646 11482206291573601
3647 11493881989684321
3648 11507692987309921
3649 11519354093471521
3650 11532589326110401
3651 11544702027420481
3652 11558045638132801
3653 11569750274048641
3654 11583469192467841
3655 11595284030382721
3656 11608684367140321
3657 11620857966367201
3658 11634074317240801
3659 11645831370084001
3660 11659861254613921
3661 11671671930564001
3662 11684931175218721
3663 11697189329753761
3664 11710680709479361
3665 11722590214500481
3666 11736392062093441
3667 11748228127184641
3668 11761777107897601
3669 11774069846434561
3670 11787522950380801
3671 11799396057751681
3672 11813498137015681
3673 11825390660748001
3674 11838790743571681
3675 11851279915604641
3676 11864878090935841
3677 11876809510872001
3678 11890740861023041
3679 11902697200996801
3680 11916476947020481
3681 11928907116542881
3682 11942424090064801
3683 11954414510647201
3684 11968608591495841
3685 11980723269171361
3686 11994246907433761
3687 12006721458406561
3688 12020476752759361
3689 12032563362392641
3690 12046763025713281
3691 12058831250122561
3692 12072614069014081
3693 12085149620128321
3694 12098759504564161
3695 12110963867184961
3696 12125377404659521
3697 12137504578229281
3698 12151158894152401
3699 12163772928334801
3700 12177751280552881
3701 12189917860017361
3702 12204123711712081
3703 12216346559298001
3704 12230281659157201
3705 12243048740398801
3706 12256794499626001
3707 12269029533624721
3708 12283521991706641
3709 12295767638865841
3710 12309706049814961
3711 12322425793857841
3712 12336455380389841
3713 12348740832780241
3714 12363085277177041
3715 12375488890794961
3716 12389535815171761
3717 12402371637981361
3718 12416265270601201
3719 12428610233151601
3720 12443367140262001
3721 12455732084584321
3722 12469653803809441
3723 12482499987326881
3724 12496681235616481
3725 12509186080524481
3726 12523691102621761
3727 12536115903001921
3728 12550326675284641
3729 12563242112998561
3730 12577365888313441
3731 12589872948616801
3732 12604629107226721
3733 12617114011347841
3734 12631170819094081
3735 12644260007017921
3736 12658559405003521
3737 12671084745205441
3738 12685751730651841
3739 12698296932032641
3740 12712746139401601
3741 12725777564208001
3742 12739924914721921
3743 12752512258475521
3744 12767466866510881
3745 12780210460223521
3746 12794403227558401
3747 12807496752758401
3748 12821909702592481
3749 12834556872591841
3750 12849441575212321
3751 12862117901993761
3752 12876644081360161
3753 12889818658832161
3754 12904102551201601
3755 12916911149302081
3756 12931953827328961
3757 12944689469961121
3758 12959019070751521
3759 12972277341522721
3760 12986973985877281
3761 12999741937896961
3762 13014682879599361
3763 13027471333056001
3764 13042069656193441
3765 13055459052926881
3766 13069922408261281
3767 13082751564740641
3768 13097964892033441
3769 13110814493379841
3770 13125404778695041
3771 13138769170395841
3772 13153462193933761
3773 13166400155021761
3774 13181454458984641
3775 13194469643853121
3776 13209236942334721
3777 13222647488440321
3778 13237207094519521
3779 13250159246073121
3780 13265681113900321
3781 13278655733740321
3782 13293262188867361
3783 13306742894944801
3784 13321611908647201
3785 13334729963009761
3786 13349924933533921
3787 13362997518774241
3788 13377876871506721
3789 13391433553682881
3790 13406249927753281
3791 13419328520669761
3792 13434837744682561
3793 13447934381064481
3794 13462722743580961
3795 13476446191675681
3796 13491426870276961
3797 13504564984494721
3798 13519925190586561
3799 13533084621917761
3800 13548255103061761
3801 13561962769048321
3802 13576801614164641
3803 13590002109195361
3804 13605628904863201
3805 13618956007982881
3806 13633852923995041
3807 13647604562301601
3808 13662797615609761
3809 13676066726029921
3810 13691676395334241
3811 13704960645921121
3812 13720124611999681
3813 13733922950784961
3814 13748902744416001
3815 13762374371692801
3816 13778197542391201
3817 13791554387855521
3818 13806582623244961
3819 13820447603033761
3820 13835829319831201
3821 13849218141430081
3822 13864903545604801
3823 13878313402269121
3824 13893650515273921
3825 13907712622489441
3826 13922834254365121
3827 13936286435507521
3828 13952223493696321
3829 13965735867965761
3830 13981026330603841
3831 13995020333680321
3832 14010450608176321
3833 14023965970705441
3834 14039767928670241
3835 14053419027927841
3836 14068916269923361
3837 14082976127024161
3838 14098242729939361
3839 14111831863203361
3840 14128066839461281
3841 14141668124729761
3842 14156983390397281
3843 14171169293274721
3844 14186718879721681
3845 14200470719608081
3846 14216399622794641
3847 14230063621136401
3848 14245695405013201
3849 14259887589316561
3850 14275476815205841
3851 14289183480178321
3852 14305430797734481
3853 14319158829289201
3854 14334615265981681
3855 14348987994213361
3856 14364713370329041
3857 14378526929753041
3858 14394605399132881
3859 14408400472119121
3860 14424270461435281
3861 14438632763156881
3862 14454185276139601
3863 14468020473735121
3864 14484475659245521
3865 14498443210365841
3866 14514044098159921
3867 14528436325990321
3868 14544278454231601
3869 14558178347464561
3870 14574558992705521
3871 14588521057198321
3872 14604455393988001
3873 14618914718343841
3874 14634619806399841
3875 14648697427309921
3876 14665234224532321
3877 14679220389444481
3878 14695012912563841
3879 14709558756950401
3880 14725704325080001
3881 14739733824322081
3882 14756114228973601
3883 14770175986100641
3884 14786215521782881
3885 14800969597461601
3886 14816814566815201
3887 14830916812537441
3888 14847656953808161
3889 14861773390056961
3890 14877793780916161
3891 14892455645413441
3892 14908641554879041
3893 14922804477325441
3894 14939349758682241
3895 14953647379463041
3896 14969863762544641
3897 14984613042384481
3898 15000604544820481
3899 15014871630597121
3900 15031855160208001
3901 15046102836362881
3902 15062143619203201
3903 15076941555824641
3904 15093262088222881
3905 15107678669051041
3906 15124436111344801
3907 15138749467419361
3908 15155088178511041
3909 15169954465771201
3910 15186227878883521
3911 15200585242171201
3912 15217610278708801
3913 15232038347403841
3914 15248229953816641
3915 15263305549400641
3916 15279757180501441
3917 15294180723592801
3918 15311021081910241
3919 15325466730044641
3920 15342169045090561
3921 15357172664394241
3922 15373461799412161
3923 15387951725364481
3924 15405127242043681
3925 15419756370138241
3926 15436102404489601
3927 15451233385722241
3928 15467852642111041
3929 15482409154292641
3930 15499540694416801
3931 15514119447254881
3932 15530761031036641
3933 15545926311203041
3934 15562412913930721
3935 15577153202467681
3936 15594497925519841
3937 15609144034990561
3938 15625645296411361
3939 15640863433920481
3940 15657740749932961
3941 15672473874855841
3942 15689649175163041
3943 15704361847836961
3944 15721189133220961
3945 15736592196071521
3946 15753181761398401
3947 15767939255588161
3948 15785459829683521
3949 15800250873433921
3950 15817025159200321
3951 15832396108393921
3952 15849335651277121
3953 15864160669753921
3954 15881469512320321
3955 15896479345339201
3956 15913429127926081
3957 15928849812713281
3958 15945591188071681
3959 15960483998977921
3960 15978321653867521
3961 15993239777131201
3962 16010080918422721
3963 16025571856791361
3964 16042623061396801
3965 16057709992021441
3966 16075176905236801
3967 16090159872932161
3968 16107296791421761
3969 16122925134181681
3970 16139954396033521
3971 16154996216276401
3972 16172786223583921
3973 16187837901358321
3974 16204783126854961
3975 16220541374835121
3976 16237827665446321
3977 16252924461629041
3978 16270585346965681
3979 16285705940395441
3980 16303102522507441
3981 16318805501215921
3982 16335866080518961
3983 16351075284544561
3984 16369061630844721
3985 16384370980842481
3986 16401470175143761
3987 16417265126941201
3988 16434627919525681
3989 16449861547686481
3990 16467844661209681
3991 16483108159108561
3992 16500553069708561
3993 16516410392033041
3994 16533612748616881
3995 16549040928569521
3996 16567180571724721
3997 16582550718379441
3998 16599804811339441
3999 16615722491037361
4000 16633418275995121
4001 16648789798875601
4002 16666738903285201
4003 16682133489211921
4004 16699778602755601
4005 16715916550405201
4006 16733274427105681
4007 16748715208308241
4008 16767024630785041
4009 16782490800429841
4010 16800040004366161
4011 16816147494711121
4012 16833829332557521
4013 16849339579805041
4014 16867472354233201
4015 16883141874787441
4016 16900907114614321
4017 16917047319102001
4018 16934613116361361
4019 16950193037687761
4020 16968783428955601
4021 16984386621258481
4022 17001953312295601
4023 17018180791815601
4024 17036048591146801
4025 17051871889496881
4026 17070157414148401
4027 17085830558392561
4028 17103723788354161
4029 17120004994677361
4030 17137826797879921
4031 17153547343111921
4032 17172271282458481
4033 17188014910367281
4034 17205739306421521
4035 17222220804360721
4036 17240218114510321
4037 17256020173113841
4038 17274455760378481
4039 17290315539185521
4040 17308541993686321
4041 17324987458354321
4042 17342817909713041
4043 17358685833697681
4044 17377460915899921
4045 17393472243831121
4046 17411411074399441
4047 17427910531269841
4048 17446118995139281
4049 17462050418255281
4050 17480826601938241
4051 17496781644654721
4052 17514993845803681
4053 17531612647401121
4054 17549601977758561
4055 17565732348534241
4056 17584716140852641
4057 17600742182419201
4058 17618784814461601
4059 17635463784076321
4060 17653985230079521
4061 17670059267726881
4062 17688825530359201
4063 17704926058730401
4064 17723336442510241
4065 17740188297470881
4066 17758340509445281
4067 17774532585001441
4068 17793669221732161
4069 17809845252213121
4070 17828208194409601
4071 17845001903414401
4072 17863516764506401
4073 17879733165390721
4074 17898721457481601
4075 17915092724301121
4076 17933630458648321
4077 17950520203979521
4078 17968830924270721
4079 17985119096680321
4080 18004595717596801
4081 18020967819346561
4082 18039340837692481
4083 18056282017379521
4084 18074929118609761
4085 18091422766980961
4086 18110548902971041
4087 18126933226390561
4088 18145721862147361
4089 18162738698806561
4090 18181359322635361
4091 18197791672772641
4092 18217258537781281
4093 18233714999947201
4094 18252243641860801
4095 18269552315808961
4096 18288401086570801
4097 18304909204116721
4098 18324178857150961
4099 18340707796902961
4100 18359727341096401
4101 18376893566742481
4102 18395583815086801
4103 18412173646409041
4104 18431860309769041
4105 18448594752667921
4106 18467285238884401
4107 18484527260747761
4108 18503513718386161
4109 18520212469436401
4110 18539807421166321
4111 18556481953878001
4112 18575551891761361
4113 18592892156591281
4114 18611710068387601
4115 18628567107451921
4116 18648420855547921
4117 18665169883656721
4118 18684025546805521
4119 18701418802638481
4120 18720749598049681
4121 18737553755034961
4122 18757189894763761
4123 18774062939550961
4124 18793263331666801
4125 18810886819497841
4126 18829851757841521
4127 18846721740973681
4128 18866730507991921
4129 18883625029277521
4130 18902853329232721
4131 18920426722568401
4132 18939739070042161
4133 18956682738995281
4134 18976473841880401
4135 18993577866628561
4136 19012994283575761
4137 19030667941744081
4138 19049798833885681
4139 19066816402914481
4140 19087150258158001
4141 19104192772024561
4142 19123382008552561
4143 19141081072930801
4144 19160656987968241
4145 19177885405137841
4146 19197840138356401
4147 19214977933806001
4148 19234519558686961
4149 19252319144712721
4150 19271772607534801
4151 19288988667491281
4152 19309343312492881
4153 19326534149991601
4154 19345888529941681
4155 19363884660938161
4156 19383535483984561
4157 19400776041879121
4158 19421006108362321
4159 19438271562365521
4160 19458184766084881
4161 19476118184670481
4162 19495583883145201
4163 19512900627302641
4164 19533397167940081
4165 19550930852224561
4166 19570452728726641
4167 19588484986151281
4168 19608340461136081
4169 19625743821155281
4170 19646209534652881
4171 19663625106906961
4172 19683561724602961
4173 19701656310507601
4174 19721290867116241
4175 19738897198827601
4176 19759639529938801
4177 19777130128314961
4178 19796821187210161
4179 19815038612618161
4180 19835209870768561
4181 19852751124038641
4182 19873234654218481
4183 19890800927485681
4184 19910885943272881
4185 19929300545308081
4186 19949173346270641
4187 19966790020459441
4188 19987643014747441
4189 20005284926721841
4190 20025305032651441
4191 20043640199770801
4192 20063845511124721
4193 20081589454932721
4194 20102272640483281
4195 20120132073616081
4196 20140355771404081
4197 20158755966028081
4198 20178731162836081
4199 20196513883136881
4200 20217814477069681
4201 20235608300894161
4202 20255655704782801
4203 20274159370210321
4204 20294498962833361
4205 20312487157614001
4206 20333320830342961
4207 20351243103916081
4208 20371680104257201
4209 20390240186335921
4210 20410548346953841
4211 20428469541977521
4212 20449721905331281
4213 20467682131287121
4214 20487945928166161
4215 20506732987088401
4216 20527287250563601
4217 20545285159278961
4218 20566301139170161
4219 20584324667680561
4220 20605061960449201
4221 20623859084860081
4222 20644178839105201
4223 20662253958917041
4224 20683707319281841
4225 20701962124703521
4226 20722339687603201
4227 20741137281052801
4228 20761887539602561
4229 20780039531840161
4230 20801429883899041
4231 20819607641913121
4232 20840393589115921
4233 20859275218194961
4234 20879769620078161
4235 20898212245884241
4236 20919790497811921
4237 20938048362567121
4238 20958609368231761
4239 20977593520238161
4240 20998667713278481
4241 21016974665963761
4242 21038410222710001
4243 21056743087567921
4244 21077668800052561
4245 21096859868035921
4246 21117543650588881
4247 21135929037397201
4248 21157757398861201
4249 21176221822653841
4250 21197119945048081
4251 21216248263364881
4252 21237292534845841
4253 21255755327392561
4254 21277310449590961
4255 21295949111640241
4256 21317158787198641
4257 21336399545100721
4258 21357243529311121
4259 21375784572346321
4260 21397907313497041
4261 21416474489076721
4262 21437377271515441
4263 21456716418609841
4264 21477985692672241
4265 21496754163126961
4266 21518522076342961
4267 21537171593221681
4268 21558470337797041
4269 21577833842862001
4270 21599084587727281
4271 21617782794410161
4272 21639958556320561
4273 21658683042980881
4274 21679762883345521
4275 21699393745270321
4276 21720796378925521
4277 21739636996274641
4278 21761561543981521
4279 21780379145943121
4280 21802050664320721
4281 21821577919093201
4282 21842776351812721
4283 21861632607777841
4284 21884051986636081
4285 21903085731926641
4286 21924343627255921
4287 21943953101940721
4288 21965578731313201
4289 21984514344810001
4290 22006825098443281
4291 22025842497062161
4292 22047487599633361
4293 22067206705117681
4294 22088586990522481
4295 22107754305469681
4296 22130301074077681
4297 22149342843535441
4298 22170842292805201
4299 22190616899044561
4300 22212557729544721
4301 22231672532248081
4302 22253995059678481
4303 22273125410002321
4304 22294993293180721
4305 22315068319909681
4306 22336625196758161
4307 22355800360799761
4308 22378497728236561
4309 22397700126086161
4310 22419490069988881
4311 22439457108952081
4312 22461523310262481
4313 22480781389360081
4314 22503261500540881
4315 22522697826536401
4316 22544716787756881
4317 22564740825491281
4318 22586482864879441
4319 22605874979891281
4320 22629022416505681
4321 22648385832625681
4322 22670183903074801
4323 22690306664490481
4324 22712440213659121
4325 22732013230351441
4326 22754747567518801
4327 22774190954826961
4328 22796421950075761
4329 22816649745622321
4330 22838744439596401
4331 22858241939176561
4332 22881324131801521
4333 22900905436851121
4334 22922902095294001
4335 22943344018499761
4336 22965703296581041
4337 22985281800762001
4338 23008169428934641
4339 23027775031387441
4340 23050398685316401
4341 23070758549029681
4342 23092870697713201
4343 23112530838053041
4344 23135841839803441
4345 23155701333230641
4346 23177865027385201
4347 23198398848620401
4348 23220900932250481
4349 23240642401182481
4350 23263876814689681
4351 23283648415825681
4352 23306261418470641
4353 23326790594116081
4354 23349141409701361
4355 23369132446886641
4356 23392645688504161
4357 23412496301454721
4358 23434843621149121
4359 23455457803625281
4360 23478367402337281
4361 23498330968387681
4362 23521569838908001
4363 23541502573343521
4364 23564253985284961
4365 23585146626437281
4366 23607617794440481
4367 23627620419472801
4368 23651404920500641
4369 23671424077680481
4370 23694141947837281
4371 23714927745203041
4372 23737804508995201
4373 23757874615343521
4374 23781337992220321
4375 23801656792622881
4376 23824635684912481
4377 23845506295210081
4378 23868179727082081
4379 23888333390909281
4380 23912378811339361
4381 23932568454529441
4382 23955353254515361
4383 23976337531426081
4384 23999448244053121
4385 24019845914345281
4386 24043475590175041
4387 24063739385991361
4388 24086868233079841
4389 24107991255313441
4390 24131017221476641
4391 24151336185109921
4392 24175460467619521
4393 24195808883578561
4394 24218725032879361
4395 24240023222853121
4396 24263346609603841
4397 24283748980509601
4398 24307567990551841
4399 24327998387479201
4400 24351568531661281
4401 24372813449050081
4402 24395845343946721
4403 24416395663642081
4404 24440644468285921
4405 24461322515028001
4406 24484416412992481
4407 24505728824475361
4408 24529219906635361
4409 24549789776218561
4410 24574099298202721
4411 24594712648858081
4412 24618223082492641
4413 24639612910445281
4414 24662832832132321
4415 24683652025465441
4416 24708149433498721
4417 24728891774214241
4418 24752175103584721
4419 24773680705441681
4420 24797524067151121
4421 24818262349662001
4422 24842491705013041
4423 24863258145405361
4424 24887070794109361
4425 24908809593462961
4426 24932219409074641
4427 24953045279157841
4428 24977726853871441
4429 24998578202149201
4430 25022239332054481
4431 25043955096780241
4432 25067832616393201
4433 25088766163012081
4434 25113174888253681
4435 25134278298758641
4436 25158174493044241
4437 25179949287977041
4438 25203618837579601
4439 25224613187438161
4440 25249703694042961
4441 25270724703192241
4442 25294389317294161
4443 25316218347848401
4444 25340262134713681
4445 25361570572176721
4446 25386225369370321
4447 25407331694800081
4448 25431469402811281
4449 25453386989162641
4450 25477371591297841
4451 25498534922302321
4452 25523658477840241
4453 25544850497922481
4454 25568712285952561
4455 25590941876030641
4456 25615204216668241
4457 25636453248346801
4458 25661260475582641
4459 25682610054014641
4460 25707090497166001
4461 25729185912968881
4462 25753173614190001
4463 25774508577593521
4464 25799845007624881
4465 25821382922658481
4466 25845522419797681
4467 25867707109900081
4468 25892124184017361
4469 25913545637855761
4470 25938753804671761
4471 25960208070785041
4472 25984744175978641
4473 26007112931521681
4474 26031292675798321
4475 26052973637479921
4476 26078431306566001
4477 26099984295851281
4478 26124228952158481
4479 26146592911620241
4480 26171525195287441
4481 26193119343281521
4482 26218364012196721
4483 26239987087377841
4484 26264671134513841
4485 26287316884447921
4486 26311691713129201
4487 26333435930177521
4488 26359167395355121
4489 26380877479259041
4490 26405513089475041
4491 26428087101995041
4492 26452899764642401
4493 26474667863320321
4494 26500155050745601
4495 26522128247596801
4496 26547055181501281
4497 26569689851741281
4498 26594271999935521
4499 26616143843797921
4500 26642256337390561
4501 26664204724163041
4502 26688841293747361
4503 26711570043315361
4504 26736624921454561
4505 26758748096972641
4506 26784365293173601
4507 26806337512016161
4508 26831491656212641
4509 26854339311611041
4510 26879324716555681
4511 26901365517104161
4512 26927493582542881
4513 26949553670630401
4514 26974388370482881
4515 26997546799216321
4516 27022759300185121
4517 27044878097724481
4518 27070734662334721
4519 27092882853621121
4520 27118408296400321
4521 27141424588908481
4522 27166472497030081
4523 27188679553910401
4524 27214978092873601
4525 27237393940771681
4526 27262427529164641
4527 27285548766931681
4528 27311011745738401
4529 27333372298119841
4530 27359609244976801
4531 27381936183576481
4532 27407436783530401
4533 27430619411521441
4534 27455785070755681
4535 27478348424310241
4536 27505002952095841
4537 27527427062391841
4538 27552659385589441
4539 27575938961327041
4540 27601760508198721
4541 27624237029286721
4542 27650473138011841
4543 27673058760181441
4544 27698793463337281
4545 27722378807024641
4546 27747744811127521
4547 27770307253205281
4548 27797013310171681
4549 27819605537647681
4550 27845330101089601
4551 27868790797008961
4552 27894655286412961
4553 27917308097931361
4554 27943809756624481
4555 27966672951512161
4556 27992566710778081
4557 28016189173682401
4558 28041757076454241
4559 28064498868144481
4560 28091688452899681
4561 28114459943415361
4562 28140094724146081
4563 28163783900885281
4564 28189884799391521
4565 28212916237059361
4566 28239570443298721
4567 28262431919842081
4568 28288570105286881
4569 28312309464015841
4570 28338285501422881
4571 28361273927062561
4572 28388440906636321
4573 28411397278765921
4574 28437234883198561
4575 28461260183397601
4576 28487573971908961
4577 28510587845700961
4578 28537531100254561
4579 28560576620475361
4580 28587086706080161
4581 28611045252826561
4582 28637019783322561
4583 28660122380911681
4584 28687514479318081
4585 28710900391233601
4586 28736941886390881
4587 28760980978435681
4588 28787420129555041
4589 28810624140189601
4590 28837960478455201
4591 28861184269752481
4592 28887820097450401
4593 28911935518292641
4594 28938113534772481
4595 28961584357946881
4596 28989144944924161
4597 29012459909125921
4598 29038729928442721
4599 29063042744285281
4600 29089951551072481
4601 29113327742676961
4602 29140629941192161
4603 29164036316606881
4604 29190751617685921
4605 29215250990109601
4606 29241712081410721
4607 29265184307963041
4608 29293052510020561
4609 29316568190001361
4610 29343232299054481
4611 29367633522356881
4612 29394488328643441
4613 29418116272464241
4614 29445619952237041
4615 29469409475255281
4616 29496380320028881
4617 29520912977392081
4618 29547503418992881
4619 29571155526128881
4620 29599477619205361
4621 29623159661220241
4622 29649819258681361
4623 29674412418166801
4624 29701535049268321
4625 29725470596045281
4626 29753226094186561
4627 29777069816988481
4628 29804217478519681
4629 29828904406573441
4630 29855917061685121
4631 29879771091617281
4632 29908032716426881
4633 29931900096256321
4634 29958846213000001
4635 29983860592703041
4636 30011140923733441
4637 30035069812418401
4638 30063004914659041
4639 30086964779247841
4640 30114585424014241
4641 30139553814967201
4642 30166581284603041
4643 30190603181172961
4644 30219075695643361
4645 30243321071964961
4646 30270400375794721
4647 30295376412642721
4648 30322992400751521
4649 30347107545899521
4650 30375488015239681
4651 30399634296788161
4652 30427193918133121
4653 30452319093567361
4654 30479548652578561
4655 30504025875653761
4656 30532735241053441
4657 30556975092588001
4658 30584268061068961
4659 30609438085689121
4660 30637361752310881
4661 30661664285558881
4662 30690156212316001
4663 30714489875255521
4664 30742331966893921
4665 30767801500932961
4666 30795229742615041
4667 30819637185680641
4668 30848513445747841
4669 30873015397799041
4670 30900734230817281
4671 30926134044238081
4672 30954105340959841
4673 30978595893572161
4674 31007191135133761
4675 31031934499481281
4676 31060004476113601
4677 31085467361707201
4678 31113107767622401
4679 31137692776944001
4680 31167127585838401
4681 31191744968074561
4682 31219456337770081
4683 31245091870324321
4684 31273224140998561
4685 31298101287287521
4686 31326934448943841
4687 31351646107801441
4688 31379904845688961
4689 31405598169729121
4690 31433756609731681
4691 31458531260460961
4692 31487863585330081
4693 31512684847262401
4694 31540609836858241
4695 31566573911260801
4696 31594971496622401
4697 31619932689003841
4698 31649007104598241
4699 31673909226950881
4700 31702560240507361
4701 31728417129001441
4702 31756485140033761
4703 31781450404896481
4704 31811144202335521
4705 31836341308024801
4706 31864493825523361
4707 31890484179285601
4708 31919072590097761
4709 31944138629700001
4710 31973629079529121
4711 31998795119287201
4712 32027489105335201
4713 32053544510343841
4714 32081827967858881
4715 32107188529033921
4716 32137004163916801
4717 32162193249595201
4718 32190631436727361
4719 32216818059157441
4720 32245890304664641
4721 32271143320031521
4722 32300623897105441
4723 32325909020561761
4724 32354768187801601
4725 32381348416128001
4726 32409854231356801
4727 32435204697849601
4728 32465260192118401
4729 32490641803116001
4730 32519464814292961
4731 32545823783662561
4732 32574927629370721
4733 32600373701571841
4734 32630118902025601
4735 32655801072495361
4736 32684938205590561
4737 32711393686659361
4738 32740113725556001
4739 32765731163435041
4740 32796206241937441
4741 32821800779220001
4742 32850591226573921
4743 32877188794865761
4744 32906466106128961
4745 32932323167824321
4746 32962342833862081
4747 32988015651825601
4748 33017316909319681
4749 33043973955095041
4750 33073147972112641
4751 33098885470533121
4752 33129472337848321
4753 33155317732236001
4754 33184327302565441
4755 33211299580019521
4756 33240750832821121
4757 33266586123565441
4758 33296759984814721
4759 33322627717009921
4760 33352531852216321
4761 33379429223212081
4762 33408585491470801
4763 33434537989154641
4764 33465232708048081
4765 33491406128950801
4766 33520635931268881
4767 33547675846410001
4768 33577406907102001
4769 33603441845194801
4770 33634114453010161
4771 33660190222387441
4772 33689938062123601
4773 33717002178242641
4774 33746488192952401
4775 33772828421401681
4776 33803808636121681
4777 33829976325334801
4778 33859427471454001
4779 33886630348201201
4780 33916767234639601
4781 33943071840368881
4782 33973690540364401
4783 33999951608369521
4784 34029998307757681
4785 34057506106823281
4786 34087105434532561
4787 34113432443669521
4788 34144730152047121
4789 34171090173103921
4790 34201001166742321
4791 34228371748071601
4792 34258546768791601
4793 34284972896453521
4794 34315829256358801
4795 34342577920625041
4796 34372799569524241
4797 34400322373738321
4798 34430144904490321
4799 34456670399146321
4800 34488381335531281
4801 34514940007787761
4802 34544924606797921
4803 34572501368667361
4804 34602851678174401
4805 34629690690397921
4806 34660815397885921
4807 34687499880292321
4808 34717978165293121
4809 34745739107296321
4810 34776040719119041
4811 34802771135238721
4812 34834403033691841
4813 34861161352683361
4814 34891284516814561
4815 34919327832048481
4816 34950054760875361
4817 34976879850438721
4818 35008218891547201
4819 35035077580814401
4820 35065977390579841
4821 35093865360635521
4822 35124137658104641
4823 35151154084265281
4824 35183120124324481
4825 35210296488938401
4826 35240648623696801
4827 35268640847738401
4828 35299454665769761
4829 35326501038723361
4830 35358398782943521
4831 35385458444109601
4832 35416402870377121
4833 35444538154281121
4834 35475037021023361
4835 35502380968398721
4836 35534504218615681
4837 35561744013168001
4838 35592319245945601
4839 35620520756780161
4840 35651883943107361
4841 35679112277156641
4842 35710940067819841
4843 35738202999090241
4844 35769408484150081
4845 35797951449218881
4846 35828678012909761
4847 35856007977430081
4848 35888417486838721
4849 35915793199486081
4850 35946844340341921
4851 35975398382037601
4852 36006667562914561
4853 36034100850412801
4854 36066123506275201
4855 36093808184302081
4856 36125208439879681
4857 36153725832794881
4858 36184771473603841
4859 36212304737808001
4860 36245198525333761
4861 36272765436385441
4862 36303841128946081
4863 36332464337682721
4864 36364032347073121
4865 36391969670260321
4866 36424230411811681
4867 36451900463503201
4868 36483480006204481
4869 36512247294073441
4870 36543682128970081
4871 36571419521364961
4872 36604402918356961
4873 36632195356658401
4874 36663457614359041
4875 36692539015449601
4876 36724277327719681
4877 36752117345511841
4878 36784660340933281
4879 36812621985305761
4880 36844752068223841
4881 36873694294324321
4882 36905110742907841
4883 36933057714469441
4884 36966156351021121
4885 36994357414001281
4886 37025942966993281
4887 37055031909348481
4888 37087071912689281
4889 37115117940058081
4890 37148120318577121
4891 37176200944917601
4892 37208249870388961
4893 37237491092056801
4894 37269139776284641
4895 37297535742294241
4896 37330969292742721
4897 37359153409408321
4898 37390880888397121
4899 37420146980408641
4900 37452708036066001
4901 37480975111441201
4902 37513962408183601
4903 37542250061542321
4904 37574590695821521
4905 37604236108171921
4906 37636142126056081
4907 37664581742797201
4908 37698144842538001
4909 37726536473281201
4910 37758752262588721
4911 37788231436647601
4912 37820737548414961
4913 37849204432970161
4914 37882587080214961
4915 37911310909756081
4916 37943833846220881
4917 37973443438988881
4918 38005560022321681
4919 38034125514376081
4920 38068264731342481
4921 38096953211828881
4922 38129150896275601
4923 38158885975699921
4924 38191567948247761
4925 38220469296857521
4926 38253938182655281
4927 38282656339804081
4928 38315602558046641
4929 38345408267133361
4930 38378027312646961
4931 38406802373405041
4932 38440905315819601
4933 38469715404036721
4934 38502146468214961
4935 38532387459119281
4936 38565365329124881
4937 38594245557513841
4938 38627959635642481
4939 38656896701610481
4940 38690182306276081
4941 38720246399030161
4942 38752930483163281
4943 38781916135117201
4944 38816289336758161
4945 38845545125880721
4946 38878213393167601
4947 38908351787009521
4948 38941513976835601
4949 38970690398568241
4950 39004995759028081
4951 39034122374392561
4952 39067421977456561
4953 39097677756231601
4954 39130504799753041
4955 39159935646058321
4956 39194594063261521
4957 39223826700580081
4958 39256734083837041
4959 39287131945709041
4960 39320870127294961
4961 39350196046818001
4962 39384404096314321
4963 39413828548839121
4964 39447320384438161
4965 39478026424448401
4966 39511107650985361
4967 39540517562760721
4968 39575436997128721
4969 39604882449579121
4970 39638391259071601
4971 39668964170519281
4972 39702636561702001
4973 39732153181378321
4974 39766610015717521
4975 39796400575061521
4976 39830193910899601
4977 39861007885376401
4978 39894319213395601
4979 39923956282953361
4980 39959298819434641
4981 39988964155469521
4982 40022351511929041
4983 40053169512999121
4984 40087217872071121
4985 40117186527764881
4986 40151939260326961
4987 40181705868199921
4988 40215680654302321
4989 40246586883488881
4990 40280403171728881
4991 40310331919392241
4992 40345733185219441
4993 40375607361537361
4994 40409261275855441
4995 40440570796917841
4996 40474707487617841
4997 40504657887605041
4998 40539725256174001
4999 40569707259774001
5000 40604261033714401
5001 40635390815232481
5002 40669181970585121
5003 40699236002991841
5004 40734854414228641
5005 40765310363632801
5006 40799182009493281
5007 40830423970296481
5008 40864873469241601
5009 40895035761016801
5010 40930527872279521
5011 40960726308199201
5012 40995292514138401
5013 41026688397664321
5014 41060725515750721
5015 41091244852307521
5016 41127166270931521
5017 41157474561016321
5018 41191605907901761
5019 41223164778327361
5020 41258072848382401
5021 41288452438205281
5022 41323966377909601
5023 41354382285229921
5024 41389163963727361
5025 41420998846621441
5026 41455378029392641
5027 41485889565394561
5028 41521975188428161
5029 41552500540809601
5030 41587136582590081
5031 41618886722131201
5032 41653834213473601
5033 41684521349371201
5034 41720240215636801
5035 41751124420776001
5036 41786087630265601
5037 41817897227546881
5038 41852448532855681
5039 41883156022692481
5040 41920017670896001
5041 41950761824935921
5042 41985369489141841
5043 42017290652797201
5044 42052436779356241
5045 42083500629751441
5046 42119477019312721
5047 42150421240489681
5048 42185695279206481
5049 42217804628915281
5050 42252857728407601
5051 42283785123844081
5052 42320389956562801
5053 42351355151222641
5054 42386317219895281
5055 42418723526162161
5056 42454174246014961
5057 42485226114717361
5058 42521506225952401
5059 42552580806843601
5060 42588359796519121
5061 42620717588176081
5062 42655738720726801
5063 42686887260842641
5064 42723816686321041
5065 42755251444468561
5066 42790362819676561
5067 42822784260277201
5068 42858522103742161
5069 42889781951466001
5070 42926581302729361
5071 42957901049871121
5072 42993688246799281
5073 43026186799823281
5074 43061458202389681
5075 43093175020828081
5076 43130355308879281
5077 43161762762847441
5078 43197117031178641
5079 43229726231408401
5080 43265962963722001
5081 43297444710868081
5082 43334329962480241
5083 43365872257031281
5084 43401846497435761
5085 43434876856724401
5086 43470398482261681
5087 43501991888702641
5088 43539458121234481
5089 43571181023849521
5090 43607071369966321
5091 43639912251039601
5092 43676060234060401
5093 43707789384509041
5094 43744849686711601
5095 43776846324078001
5096 43813258869483601
5097 43846216001355601
5098 43881989651679601
5099 43913807168151601
5100 43951776715243441
5101 43983631686115921
5102 44019489608844241
5103 44052705253473361
5104 44089202988004561
5105 44121388395607441
5106 44158665719706001
5107 44190633230116561
5108 44227117595280241
5109 44260323173051761
5110 44296744220826481
5111 44328791577930481
5112 44366831467444081
5113 44398911782139601
5114 44435023315958641
5115 44468623658302321
5116 44505279714315121
5117 44537536097193841
5118 44575073038103281
5119 44607266422141681
5120 44644374939574801
5121 44677844030991601
5122 44714141820223921
5123 44746411066956721
5124 44784714878689201
5125 44817282607890481
5126 44853676271237041
5127 44887218773774641
5128 44924196584743441
5129 44956581671965201
5130 44994743511709201
5131 45027258350814481
5132 45064259402748241
5133 45097921349052241
5134 45134465667888721
5135 45167236813949521
5136 45205772190027601
5137 45238330819287121
5138 45275059928473681
5139 45308883187245841
5140 45346354942992721
5141 45378965442138001
5142 45417032932719121
5143 45449681907634321
5144 45487006925837521
5145 45521275038989521
5146 45558070008476881
5147 45590794563242641
5148 45629624071825681
5149 45662391567582481
5150 45699568534434961
5151 45733591249503121
5152 45771212143409041
5153 45804051275387761
5154 45842385905282161
5155 45875526308112241
5156 45913048902098641
5157 45947230494981841
5158 45984282164148241
5159 46017357157167121
5160 46056739950216721
5161 46089747284917201
5162 46126886796445201
5163 46161140843037841
5164 46198838367251281
5165 46232172008096401
5166 46270939342876561
5167 46304046861067921
5168 46341918068405521
5169 46376291675262481
5170 46413929652729361
5171 46447114120380241
5172 46486389821735761
5173 46519709668890961
5174 46557124235898961
5175 46591944691861201
5176 46629970631230801
5177 46663271871427921
5178 46702144523418961
5179 46735483247500561
5180 46773949230520081
5181 46808588806509841
5182 46846160086425361
5183 46879576296925201
5184 46919257821189121
5185 46952987201120641
5186 46990645552333921
5187 47025501710644321
5188 47063727285940801
5189 47097259501845601
5190 47136716198310241
5191 47170288584534241
5192 47208697273398241
5193 47243598007575361
5194 47281541781180001
5195 47315459640136801
5196 47355284644090081
5197 47388972191379841
5198 47426895706366081
5199 47461871289277441
5200 47500765566238561
5201 47534629400243041
5202 47574105257046001
5203 47607935459440561
5204 47646515794203601
5205 47681893384892881
5206 47719994679923281
5207 47753877573214801
5208 47794166271992401
5209 47828087714631601
5210 47866576789217521
5211 47901843432142321
5212 47940601966784881
5213 47974617090463921
5214 48014336077318321
5215 48048747225670321
5216 48087670949314801
5217 48123012107335921
5218 48161371876800721
5219 48195496002676561
5220 48236253952166161
5221 48270413180513041
5222 48308973328991761
5223 48344435521779601
5224 48383529210730801
5225 48418071229335601
5226 48458053303706161
5227 48492327615406321
5228 48531444194305201
5229 48567179754986161
5230 48606113785589041
5231 48640466843523121
5232 48681203721612721
5233 48715596197853841
5234 48754309919140081
5235 48790302758596081
5236 48829751388238321
5237 48864222791531281
5238 48904517713700881
5239 48939045500071441
5240 48978815146788241
5241 49014645244133521
5242 49053536754907441
5243 49088227942913521
5244 49129176202702321
5245 49164082859158321
5246 49203064130447281
5247 49239092272960561
5248 49278737503094161
5249 49313447840865361
5250 49354410542310481
5251 49389159359574481
5252 49428835218080401
5253 49464919369514641
5254 49504079466322321
5255 49539186160438801
5256 49580532082729201
5257 49615501588654321
5258 49654779800724721
5259 49690980338432881
5260 49731138323721841
5261 49766085826421521
5262 49806881167005841
5263 49841873643943441
5264 49881997815832081
5265 49918679977237201
5266 49958108120735281
5267 49993178214412081
5268 50034681807743281
5269 50069815355826481
5270 50109659005024561
5271 50146214183407921
5272 50186395425079921
5273 50221582612620241
5274 50262712025401201
5275 50298223342904881
5276 50338427271100081
5277 50375000793685681
5278 50414834588514481
5279 50450142028348081
5280 50492378172965041
5281 50527725757695121
5282 50567520200607121
5283 50604267161493841
5284 50644654250812081
5285 50680469765569201
5286 50721825859053361
5287 50757301281464881
5288 50797849472857681
5289 50834674067384401
5290 50874966826577521
5291 50910559196020081
5292 50952813527658481
5293 50988402811472881
5294 51028463238564721
5295 51065707892576881
5296 51106449098157361
5297 51142118938095121
5298 51183757324761361
5299 51219571695402001
5300 51260655699064561
5301 51297786207506161
5302 51338058758002801
5303 51373849946753521
5304 51416310727879921
5305 51452429080935601
5306 51492880133953201
5307 51530082665338801
5308 51571022574114481
5309 51606935386585681
5310 51649248825731281
5311 51685202611799761
5312 51726315495547921
5313 51763782687171601
5314 51804298859942641
5315 51840621849074161
5316 51883270305446641
5317 51919362131880241
5318 51959969866589041
5319 51997475013283441
5320 52039221526819441
5321 52075385773308721
5322 52117592594318641
5323 52153790266302961
5324 52195132570934641
5325 52233016382183281
5326 52273807654398961
5327 52310192761328881
5328 52353271155757201
5329 52389591463430881
5330 52430821133151841
5331 52468528964548321
5332 52510028629475041
5333 52546430692124161
5334 52589047567050241
5335 52625809783714561
5336 52667477347522561
5337 52705362688764001
5338 52746438672454561
5339 52782969064803361
5340 52826543655286561
5341 52863216729236161
5342 52904376733894081
5343 52942357072432321
5344 52984217241072961
5345 53021158773135361
5346 53064030128305921
5347 53100719628367681
5348 53142714156767041
5349 53180805238190401
5350 53222483881165441
5351 53259255783217921
5352 53302851092939521
5353 53339664525216961
5354 53381102532722401
5355 53419798994861281
5356 53461878813704161
5357 53498802270566881
5358 53541878100634081
5359 53578818215382241
5360 53621392394210401
5361 53659740412925281
5362 53701485802984801
5363 53738506900902241
5364 53782379050890241
5365 53819739090944641
5366 53861456350278721
5367 53899933269789121
5368 53942381809158721
5369 53979651476973121
5370 54023357520736321
5371 54060543839974081
5372 54102991270745281
5373 54141650342105281
5374 54183554464585921
5375 54221124398907841
5376 54265448461072321
5377 54302764426595521
5378 54344762189538721
5379 54383526888116641
5380 54426496507743841
5381 54463890360865921
5382 54507622076937601
5383 54545166782659201
5384 54587963681666401
5385 54627139959708001
5386 54669325421873281
5387 54706844500818241
5388 54751249427874241
5389 54788817957185281
5390 54831592439725441
5391 54870639432349441
5392 54913636575103201
5393 54951281159133121
5394 54995227552835521
5395 55033232883161281
5396 55076249324287681
5397 55115489153745601
5398 55157957212041601
5399 55195727580729601
5400 55240929422505601
5401 55278770190898561
5402 55321333677286081
5403 55360590071987521
5404 55403917661866561
5405 55442120774130241
5406 55486367125166401
5407 55524305642160961
5408 55567707598115281
5409 55607147019902641
5410 55650240949154161
5411 55688374580784241
5412 55733410002042481
5413 55771474957242001
5414 55814321769689041
5415 55854162266548561
5416 55897726804802161
5417 55935876208013521
5418 55980597969623761
5419 56018789643638161
5420 56062724836928401
5421 56102392948275601
5422 56145429979368721
5423 56183744413781521
5424 56229132674996881
5425 56267874268064401
5426 56311006619236081
5427 56350843244136241
5428 56394626842613041
5429 56433030562742641
5430 56478218043058801
5431 56516663997776881
5432 56560743961559281
5433 56600657903758321
5434 56644039924711921
5435 56682879137552881
5436 56728541770466161
5437 56767115287695121
5438 56810534443368721
5439 56850698656444561
5440 56895217984505041
5441 56933876699974321
5442 56979003407083441
5443 57017704768677361
5444 57061872844290001
5445 57102457343520241
5446 57146195553485041
5447 57184999956336241
5448 57230983532957041
5449 57269813021081041
5450 57313872738945841
5451 57354188106984241
5452 57398553431131441
5453 57437588205326641
5454 57483076450747441
5455 57522346011084721
5456 57566927417692081
5457 57607380918663601
5458 57651280902282001
5459 57690324860486161
5460 57737060566628881
5461 57776147666246161
5462 57820144239452881
5463 57860776706926801
5464 57905509830042001
5465 57944995751107921
5466 57990722140883281
5467 58030081694890321
5468 58074836497467601
5469 58115549138788561
5470 58160092837688401
5471 58199394542195281
5472 58246068159630481
5473 58285430890704721
5474 58329859891582801
5475 58371036170903761
5476 58415988585047521
5477 58455419736967681
5478 58501482612303361
5479 58540956976440961
5480 58586445257242561
5481 58627604026138561
5482 58672085672986081
5483 58711646556247201
5484 58758467561943841
5485 58798388585685601
5486 58842987968763361
5487 58884105504814561
5488 58929572919118561
5489 58969293638638561
5490 59016057632426401
5491 59055805816437601
5492 59101152519144961
5493 59142403502515201
5494 59187178696356481
5495 59227435500885121
5496 59274645242373121
5497 59314513217387521
5498 59359385480207521
5499 59400845792222881
5500 59446792742639521
5501 59486744526600001
5502 59533516350431041
5503 59573511726077761
5504 59619246222428161
5505 59661100323594241
5506 59706168749034721
5507 59746251403157281
5508 59793764648616961
5509 59834007976051201
5510 59879544535315201
5511 59921233681877761
5512 59967177313575361
5513 60007391929407361
5514 60054333575756161
5515 60094913228330881
5516 60140990979984001
5517 60182840313572641
5518 60228205640651041
5519 60268550891857441
5520 60316778715079201
5521 60357167843662081
5522 60402664467256321
5523 60444717273768961
5524 60490861263040801
5525 60531691529434081
5526 60579002817507361
5527 60619523769071521
5528 60665847256900321
5529 60707920798161121
5530 60754080701802721
5531 60794689694512801
5532 60842750928114721
5533 60883434532745761
5534 60929194028340001
5535 60971795102503201
5536 61018331189234881
5537 61059191636526241
5538 61106770682562721
5539 61147557818101921
5540 61194476302485601
5541 61236818165174881
5542 61282785763826401
5543 61323663007273441
5544 61372362636495841
5545 61413608122523041
5546 61459666608462241
5547 61502146702445281
5548 61548901686614881
5549 61589909826442081
5550 61638163864236001
5551 61679353579592161
5552 61726293064290721
5553 61768966991802241
5554 61815224410099681
5555 61856724644963041
5556 61905414122077921
5557 61946598492564481
5558 61993091080477441
5559 62035855664739841
5560 62083365356787841
5561 62124638935835521
5562 62172883314126721
5563 62214201231378241
5564 62261376401772481
5565 62304740346947521
5566 62351337080919361
5567 62392750228090561
5568 62441853760464961
5569 62483305512867361
5570 62530337127026401
5571 62573427382615201
5572 62620922813143201
5573 62662463949347521
5574 62710954701990721
5575 62752875930527041
5576 62800426982730241
5577 62843651617547521
5578 62890511294898721
5579 62932308250448161
5580 62982093442379041
5581 63023813731485121
5582 63070774290776641
5583 63114086306143681
5584 63161842111555681
5585 63203986650443041
5586 63252941096593441
5587 63294796926339361
5588 63342599326329121
5589 63386114395541281
5590 63433676691762721
5591 63475621645380001
5592 63525348722925601
5593 63567470103113761
5594 63614734176753601
5595 63658674811066561
5596 63706646747050561
5597 63748728616959361
5598 63797913405907201
5599 63840070320393601
5600 63888769095863041
5601 63932501386629121
5602 63979968527977441
5603 64022203357517281
5604 64072165698513121
5605 64114771040145121
5606 64162339933101601
5607 64206399091764001
5608 64254762974884801
5609 64297114558680001
5610 64346994014255041
5611 64389392143934401
5612 64437780929353921
5613 64481794908730561
5614 64529707021064641
5615 64572534356592961
5616 64623007280285761
5617 64665540766778881
5618 64713416108394001
5619 64757571384546961
5620 64806551931022801
5621 64849332209361361
5622 64899086501939281
5623 64941755799387601
5624 64990542895563601
5625 65035256069705281
5626 65083337926442881
5627 65126107053600001
5628 65176861772616961
5629 65219687290566721
5630 65268255208190401
5631 65312693984450881
5632 65361730239590401
5633 65404628151287041
5634 65454767958232801
5635 65498184700270561
5636 65547192711764161
5637 65591773692000961
5638 65640161837602561
5639 65683196413311361
5640 65734623679820161
5641 65777704061353441
5642 65826360412954081
5643 65871185431066081
5644 65920412535450721
5645 65963930002876321
5646 66014324214254881
5647 66057542208260641
5648 66106958938824961
5649 66151956044309761
5650 66201046550929441
5651 66244356449197921
5652 66295681460158081
5653 66339037359376801
5654 66387875303266081
5655 66433267302024481
5656 66483028415899681
5657 66526476414714241
5658 66577197537064321
5659 66620691634547521
5660 66670725490361281
5661 66715948141551361
5662 66764964021471361
5663 66808677488204161
5664 66860362860370561
5665 66904377594537601
5666 66953490256579681
5667 66998786808826081
5668 67048657067294881
5669 67092382147289281
5670 67144050924227521
5671 67187822628379201
5672 67237861304911201
5673 67283303609750881
5674 67332624596699521
5675 67376842381519681
5676 67428794969567041
5677 67472833442160961
5678 67522268882848321
5679 67567914091922881
5680 67618577766740161
5681 67662611169389761
5682 67713975510329281
5683 67758025337606401
5684 67808445256816801
5685 67854540642813601
5686 67904175220406881
5687 67948351742686561
5688 68000753414398561
5689 68044942909863361
5690 68095080227784961
5691 68141088466725121
5692 68191571890644481
5693 68235854662058401
5694 68287568785449121
5695 68332262123360161
5696 68382951101890561
5697 68429033974709761
5698 68479167721658881
5699 68523591314052481
5700 68576597234494081
5701 68621066951398561
5702 68671121713670881
5703 68717287009588321
5704 68768183281050721
5705 68813234146965601
5706 68865320917457281
5707 68909951493847681
5708 68960861836647361
5709 69007207797574081
5710 69057875664744001
5711 69102579802447681
5712 69155754069076801
5713 69200507030323201
5714 69250878482598241
5715 69297769433643361
5716 69348894135500161
5717 69393739320335521
5718 69446086162140961
5719 69491116440233761
5720 69542909261168161
5721 69589513063575841
5722 69640096382880961
5723 69685083179549761
5724 69738397701476161
5725 69783794565833761
5726 69834631824540961
5727 69881386334641441
5728 69932934194079841
5729 69978071549237281
5730 70031170078455841
5731 70076379467652001
5732 70127934691061761
5733 70175053147253281
5734 70225956094256161
5735 70271590793448481
5736 70325259221352481
5737 70370576705485441
5738 70421592991040641
5739 70468638067987201
5740 70520976530530561
5741 70566388870695841
5742 70619509798993441
5743 70664969616771361
5744 70716949253254561
5745 70764519581461921
5746 70815775820721601
5747 70861463506096321
5748 70915377148950721
5749 70960979598090721
5750 71012727329733601
5751 71060133289526881
5752 71112319261910881
5753 71158051297857121
5754 71211548626389601
5755 71257659967978081
5756 71309865494928481
5757 71357361592886881
5758 71408905667357281
5759 71454767363593441
5760 71509632883175041
5761 71555655275541121
5762 71607307666823041
5763 71654955160010881
5764 71707418073701761
5765 71753770205100481
5766 71807448229547521
5767 71853480573880321
5768 71906256713733121
5769 71954106633226081
5770 72006388578479521
5771 72052518458639521
5772 72107136178715041
5773 72153315934795681
5774 72205290887500321
5775 72253790701378081
5776 72306651632727121
5777 72352923987048721
5778 72407010169666321
5779 72453330252259921
5780 72506625266332081
5781 72554711958264241
5782 72607056107318641
5783 72653472439403761
5784 72708499497890161
5785 72755357105464561
5786 72807696084334321
5787 72855995295923761
5788 72909076369176241
5789 72955773071663281
5790 73010557144371121
5791 73057166375252401
5792 73110461473210321
5793 73158847069156561
5794 73211363987828401
5795 73258450586593201
5796 73313965239004081
5797 73360765715839921
5798 73413415436042161
5799 73461951531401521
5800 73515888562757521
5801 73562739667734001
5802 73617427562484721
5803 73664463876027121
5804 73717986369674161
5805 73767130709718961
5806 73819974609307441
5807 73866971239614001
5808 73922739929147761
5809 73969786075710001
5810 74023318606505521
5811 74072178880457521
5812 74125922999056081
5813 74173065455727601
5814 74228185416332401
5815 74275754077831921
5816 74329701455825521
5817 74378833749974641
5818 74432005984903441
5819 74479333987765201
5820 74535746878802641
5821 74583084239441521
5822 74636367142907761
5823 74685573358468081
5824 74739939565447921
5825 74787757098929041
5826 74843126454982801
5827 74890610345610961
5828 74944801888743121
5829 74994097348954321
5830 75048068172745681
5831 75095798758921681
5832 75152284666212481
5833 75199922334814081
5834 75253534461916321
5835 75303375677922721
5836 75357788340484321
5837 75405538844236321
5838 75461413490610721
5839 75509191347743521
5840 75564258183865441
5841 75613959683814241
5842 75667797114680161
5843 75715673229586081
5844 75772333549276321
5845 75820783097984161
5846 75874727906009761
5847 75924479246921761
5848 75979333851526561
5849 76027357605538561
5850 76083966601252321
5851 76132039635664801
5852 76187110372202401
5853 76237015029927841
5854 76291180425413281
5855 76339737495344161
5856 76396859168073121
5857 76445080245943681
5858 76499359028028481
5859 76549633814537281
5860 76605161238397441
5861 76653481180569121
5862 76709883306529441
5863 76758311807471521
5864 76813605937926721
5865 76864234334276161
5866 76918892401258561
5867 76967360893105921
5868 77024798044760641
5869 77073316120739041
5870 77128363747747681
5871 77178737634365281
5872 77234270244217441
5873 77283029331500641
5874 77339821263519841
5875 77388881243157601
5876 77444445744523681
5877 77495033646294721
5878 77549867972257921
5879 77598634476203521
5880 77657080090485121
5881 77705896381567201
5882 77760853923071521
5883 77811531232016161
5884 77867297569178401
5885 77916641949484321
5886 77973818041996321
5887 78022928669016481
5888 78078922770804001
5889 78129777099897121
5890 78185399288236321
5891 78234465659556001
5892 78292533625468321
5893 78341649574265761
5894 78397094076270241
5895 78448556678944801
5896 78504803396724001
5897 78554019205349761
5898 78611466864432001
5899 78660742794320641
5900 78717418949778241
5901 78768710602708801
5902 78824244614473921
5903 78873610802312641
5904 78932225109194401
5905 78982036822512481
5906 79037658501216961
5907 79088995758970561
5908 79145611859862721
5909 79195135953827521
5910 79253397373487041
5911 79302968619837121
5912 79359631732005121
5913 79411157726291041
5914 79467005739118081
5915 79517239774176001
5916 79576034596953601
5917 79625753133721921
5918 79681756591005121
5919 79733368572022081
5920 79790732087397121
5921 79840552929626881
5922 79898951986041601
5923 79948821649753921
5924 80005733050841761
5925 80057919717670561
5926 80114108381622241
5927 80164079149538401
5928 80223354883874401
5929 80273560235174161
5930 80330313177007441
5931 80382308390589841
5932 80439450669291601
5933 80489583552819601
5934 80548095131064721
5935 80598669904273681
5936 80656205796383761
5937 80708290075276561
5938 80764820772770161
5939 80815095673014961
5940 80875197789136561
5941 80925546404851441
5942 80982191421213361
5943 81034586083009201
5944 81092174289092401
5945 81143007958311601
5946 81201869650922161
5947 81252355351149361
5948 81309961256635441
5949 81362431309429201
5950 81419942913047761
5951 81470561179152721
5952 81530540368841041
5953 81581171646803761
5954 81638186488446961
5955 81691166414208241
5956 81749005070546641
5957 81799891576458961
5958 81859188699642001
5959 81909973521584401
5960 81968492480264401
5961 82021210959587281
5962 82078472874912721
5963 82129359978211921
5964 82189758573099601
5965 82241104159493521
5966 82298446700827921
5967 82351431949071121
5968 82409733000437041
5969 82460774141336881
5970 82520828096024881
5971 82572068999488561
5972 82630375036656721
5973 82683452394488401
5974 82741019928075601
5975 82792627462136401
5976 82853398691782801
5977 82904645477773201
5978 82962495217965361
5979 83015692711347121
5980 83074733416532401
5981 83126082494406481
5982 83186019805794001
5983 83237422145618641
5984 83296251061335121
5985 83350271763466321
5986 83408185464433681
5987 83459689233986641
5988 83520642049826641
5989 83572197834253201
5990 83630690951341201
5991 83684209394046481
5992 83743376079140881
5993 83795058364589521
5994 83855441121765361
5995 83907604515755761
5996 83966616334595761
5997 84020295734915761
5998 84078557434355761
5999 84130522580228401
6000 84192456173724721
6001 84244332656098801
6002 84302710995543121
6003 84356629535376721
6004 84415886632464721
6005 84468272098189201
6006 84529183996997521
6007 84581205648760081
6008 84640674139940881
6009 84694676423009041
6010 84753757406241361
6011 84805883049281041
6012 84867653317626001
6013 84919983129862801
6014 84978714358888081
6015 85033311882245521
6016 85093033398936721
6017 85145354569073041
6018 85206393242186641
6019 85258751104563601
6020 85319128436618641
6021 85373529421399441
6022 85432493296516561
6023 85484939391566161
6024 85547104447828561
6025 85600018440393841
6026 85659104772658801
6027 85713753919687921
6028 85773760682298481
6029 85826356001272081
6030 85888320940463761
6031 85940969670669841
6032 86001196412786641
6033 86055848340457681
6034 86115338346033361
6035 86168523840169681
6036 86230954236465361
6037 86283759202702321
6038 86343194315359921
6039 86398123450920241
6040 86459030648981041
6041 86512094904079921
6042 86573863314358321
6043 86626825881120241
6044 86687266304096881
6045 86742711914060401
6046 86802383584103281
6047 86855451391901041
6048 86918647568054641
6049 86971772417478001
6050 87032090066786881
6051 87087232632288961
6052 87147925811890561
6053 87201151742501281
6054 87263279443291681
6055 87317140965449761
6056 87378046217847361
6057 87433426136733601
6058 87493481145769441
6059 87546865743573601
6060 87610549287162721
6061 87664036674234721
6062 87724358695878241
6063 87779831211216481
6064 87840991217410081
6065 87894962680293601
6066 87957543225814081
6067 88011139330477441
6068 88072304716267201
6069 88128114411368641
6070 88188982599103681
6071 88242709226064961
6072 88306425235076161
6073 88360180509720481
6074 88420685072493121
6075 88477013627322241
6076 88538600762751361
6077 88592462637144961
6078 88655332153440001
6079 88709246912889601
6080 88771396402204801
6081 88827363207761281
6082 88888107155272801
6083 88942326724629601
6084 89006372106028081
6085 89060879261923441
6086 89121755537165041
6087 89177888170185841
6088 89239764006098641
6089 89293945274011441
6090 89357882320488241
6091 89412116995265521
6092 89474008894808881
6093 89530382152002001
6094 89591532270592081
6095 89646313467113041
6096 89710748089699921
6097 89765326794396241
6098 89826551403960241
6099 89883024952325041
6100 89945662342129681
6101 90000164577722161
6102 90063869101581361
6103 90118436060282161
6104 90180982901210161
6105 90238112054710321
6106 90299578888069681
6107 90354243923799601
6108 90418935164948401
6109 90473652892124401
6110 90535761206292721
6111 90592801432930801
6112 90655426994177521
6113 90710251462553041
6114 90774244737285841
6115 90829562060702161
6116 90892235407818961
6117 90949202093169361
6118 91011225484708561
6119 91066213805063761
6120 91132020288642961
6121 91187060282937841
6122 91249010629458961
6123 91306171130979601
6124 91369043478175441
6125 91424798738783761
6126 91489169553989521
6127 91544413037287441
6128 91607530017542161
6129 91664911232812561
6130 91727602308492241
6131 91782912503554321
6132 91848560318061841
6133 91903924659174961
6134 91966240014985201
6135 92024170844674801
6136 92087550948370801
6137 92143043068996561
6138 92207929444389841
6139 92263618322012881
6140 92327491685831761
6141 92385136349562961
6142 92447697184163281
6143 92503332785653201
6144 92569303483318801
6145 92625438962696401
6146 92688303505237201
6147 92746188931217041
6148 92809806406255441
6149 92865673230388561
6150 92931329739111121
6151 92987182985739601
6152 93051030813783601
6153 93109178253077041
6154 93172117957803121
6155 93228527937817201
6156 93294856969940401
6157 93350874386854321
6158 93413924056860721
6159 93472072236200881
6160 93536933154836401
6161 93593059556891761
6162 93658601849013361
6163 93714782626472881
6164 93778900506559921
6165 93837763119494641
6166 93901058836716721
6167 93957513186552241
6168 94024243710485041
6169 94080590630933041
6170 94144516963559281
6171 94203061578036721
6172 94267423926176881
6173 94323878622109201
6174 94390054544701201
6175 94447054061888401
6176 94511667589818481
6177 94570329652948081
6178 94633995639923281
6179 94690616243472721
6180 94758158373080401
6181 94814998075513681
6182 94878835734912721
6183 94937747036256721
6184 95002596380743921
6185 95059835228936881
6186 95126116034597041
6187 95182960384632241
6188 95248056546759601
6189 95307058577162161
6190 95371608576947761
6191 95428559410006321
6192 95496176517918961
6193 95553224548143601
6194 95617395839708401
6195 95677217217346801
6196 95742333313414801
6197 95799449043184561
6198 95866116324874801
6199 95923287372538801
6200 95989170604935601
6201 96048622449713521
6202 96113221090089841
6203 96170502880672561
6204 96238344173390641
6205 96296151999219121
6206 96360690257244721
6207 96420208588351921
6208 96485831966355601
6209 96543447626781841
6210 96611137607249041
6211 96668641312512721
6212 96734263162415281
6213 96793963009391281
6214 96858777956936881
6215 96916897426649521
6216 96985398492300721
6217 97043069009176081
6218 97107979653080881
6219 97167923038185841
6220 97234325751930481
6221 97292107655577361
6222 97359566415440401
6223 97417573209035281
6224 97483703235148081
6225 97544225119483441
6226 97609435585182001
6227 97667411214826801
6228 97736081424682321
6229 97794086531959921
6230 97860087966468721
6231 97920301592980081
6232 97986683403748081
6233 98044805107591921
6234 98112640825505521
6235 98171282237134321
6236 98237667617431921
6237 98298357926851441
6238 98363896936637041
6239 98422193720404081
6240 98491889700785521
6241 98550230808440161
6242 98615895976054081
6243 98676455926864321
6244 98743291422452161
6245 98802212285852161
6246 98870530745423041
6247 98929040160916801
6248 98995974286190401
6249 99056709013085761
6250 99123158578357921
6251 99181960505116321
6252 99251335874123041
6253 99310041919061761
6254 99376087296524161
6255 99437565650165761
6256 99504740118224641
6257 99563530963807201
6258 99632353260511201
6259 99691244713308001
6260 99758936764428961
6261 99820022051655841
6262 99886322727173281
6263 99945282863200801
6264 100015276699840801
6265 100074938918311201
6266 100141394673560161
6267 100202655745678561
6268 100270068347823841
6269 100329198098970241
6270 100398830387379841
6271 100458016749102721
6272 100525888540971121
6273 100587420415360561
6274 100654100678845201
6275 100713878566585681
6276 100784055955079761
6277 100843412365303921
6278 100910221258494961
6279 100972047750378481
6280 101040507723196081
6281 101100022360824241
6282 101169528941100241
6283 101229056041955281
6284 101296986205013521
6285 101359270979016721
6286 101426530105320721
6287 101486170652977681
6288 101556887354319121
6289 101616593543227921
6290 101684337911060881
6291 101746390503553681
6292 101814662769174961
6293 101874653084387761
6294 101944466397299761
6295 102004813854774961
6296 102073250908696561
6297 102135395965432561
6298 102202845251950321
6299 102262827959686321
6300 102334689505554481
6301 102394729366890961
6302 102462311955510481
6303 102524681656497361
6304 102593396443119601
6305 102654059620468081
6306 102724273008701041
6307 102784672789480561
6308 102853394388194161
6309 102915978079685521
6310 102984355447044241
6311 103044681621019921
6312 103116195841397521
6313 103176579730210321
6314 103244793851646481
6315 103307974795791121
6316 103376948014291921
6317 103437446411975281
6318 103508190585147121
6319 103568746718580721
6320 103638538226638321
6321 103701581150262001
6322 103769806438734001
6323 103830477387598321
6324 103902294335535601
6325 103963563618681841
6326 104031915634457521
6327 104095046970876721
6328 104164735481321521
6329 104225579309151121
6330 104297165580078481
6331 104358094827964561
6332 104427593554450321
6333 104490810567657361
6334 104559422229939601
6335 104621106726879121
6336 104693607561790801
6337 104754682405331761
6338 104823424137081361
6339 104886820999435921
6340 104957141579941201
6341 105018344606305681
6342 105089975635819921
6343 105151224124365841
6344 105221270587980241
6345 105285444783794641
6346 105354457222361041
6347 105415867761230161
6348 105488494216072081
6349 105550095752760721
6350 105619786200950161
6351 105683546562364561
6352 105753841072707121
6353 105815379700461841
6354 105887303687929201
6355 105949396212462961
6356 106019893134080881
6357 106083860707259761
6358 106153321527948721
6359 106215034678255921
6360 106288778596649521
6361 106350549994381201
6362 106420075596463921
6363 106484467328435761
6364 106555027345460401
6365 106617419754510001
6366 106689656460621361
6367 106751602820508721
6368 106822431761964721
6369 106886781307685041
6370 106957365626471281
6371 107019433915010161
6372 107092982300354161
6373 107155103952462481
6374 107225023714503121
6375 107290040095285201
6376 107361119220274801
6377 107423539371396721
6378 107496185349659761
6379 107558482624365361
6380 107630199386214961
6381 107694950289009361
6382 107765133650252881
6383 107827576599898321
6384 107901808482087121
6385 107964781495931281
6386 108035099329495441
6387 108099947280372241
6388 108171306295980721
6389 108233897010029521
6390 108307635872778961
6391 108370515353395921
6392 108442146188890321
6393 108507177067588561
6394 108577762895774161
6395 108641032252727761
6396 108715347459879121
6397 108778173587744881
6398 108849092293046641
6399 108914396151024241
6400 108986878325354881
6401 109049823635972161
6402 109123348069300801
6403 109186360331486401
6404 109258256889217441
6405 109324370317687201
6406 109395348449971681
6407 109458470487235681
6408 109533396672751681
6409 109596621242450881
6410 109668301306790401
6411 109733883032369281
6412 109806259774020481
6413 109869606517393441
6414 109943489581518241
6415 110007354410883361
6416 110079795172458241
6417 110145655817752321
6418 110217033575745121
6419 110280695764390561
6420 110356416420055201
6421 110419952329606081
6422 110491506623729281
6423 110557457303301121
6424 110630208648731521
6425 110694376687954081
6426 110769009230520481
6427 110832723416876641
6428 110905431338807521
6429 110971567013165281
6430 111043920125374561
6431 111107753708110561
6432 111183443158272481
6433 111247522231066081
6434 111319435152784321
6435 111386455948420801
6436 111459435675386401
6437 111523448675610721
6438 111598168755719521
6439 111662241137566561
6440 111736289472363361
6441 111802805915844961
6442 111874987419626881
6443 111939191707265281
6444 112015257456962881
6445 112080022482199681
6446 112152392862416641
6447 112219280037922561
6448 112292846052729601
6449 112357216773573601
6450 112432957722697441
6451 112497388351141921
6452 112570913718674881
6453 112637884577426881
6454 112710681827540161
6455 112775748787141441
6456 112852270027573441
6457 112916929145012161
6458 112989649817470561
6459 113056715656554721
6460 113131131244055521
6461 113196080418010081
6462 113271734608003681
6463 113336530790817121
6464 113410611894917761
6465 113478402831504001
6466 113551394904087361
6467 113616308799332161
6468 113693408483910721
6469 113758379954241121
6470 113832091775172961
6471 113899621315505761
6472 113973959623757761
6473 114039051690754081
6474 114115062351405601
6475 114180932942679841
6476 114255281859923041
6477 114322923760241761
6478 114396323374462561
6479 114461657373464161
6480 114539778027484801
6481 114605111735318881
6482 114678860571496801
6483 114746676790671841
6484 114821301584878081
6485 114887279975115841
6486 114963686199643201
6487 115029231350923201
6488 115104122358096001
6489 115172415585221761
6490 115246869351327361
6491 115312505950232641
6492 115390181427648961
6493 115455879562276801
6494 115529838227974081
6495 115598577275893441
6496 115673986020335041
6497 115739805065005441
6498 115816741942869361
6499 115882621818774001
6500 115958441185902961
6501 116026875234391921
6502 116101092450456241
6503 116167286176286641
6504 116245526931461041
6505 116312117646257521
6506 116386471920858001
6507 116455138164781201
6508 116530594682828881
6509 116596784284649041
6510 116674882377664081
6511 116741141049095761
6512 116816940813136081
6513 116885734164595921
6514 116960363062278961
6515 117027261354949681
6516 117105905388388561
6517 117172537830628561
6518 117247304293065361
6519 117316258008212881
6520 117392870672632081
6521 117459421558734961
6522 117537099984416881
6523 117603762170062321
6524 117679998212267761
6525 117749793652842961
6526 117824869913098321
6527 117891605018028241
6528 117970750523157841
6529 118037546644891441
6530 118113328257319921
6531 118182864128029681
6532 118259165010774001
6533 118326084645385201
6534 118404358580492401
6535 118471874867358961
6536 118548452520510961
6537 118617977515115761
6538 118693654329070321
6539 118760788385360881
6540 118840834914877681
6541 118908002280192241
6542 118983597682658161
6543 119053406511959281
6544 119130269951238481
6545 119198359366785361
6546 119276898487459921
6547 119344248590497681
6548 119421105008579761
6549 119491015309034161
6550 119567500254752881
6551 119634973879269361
6552 119715335579742961
6553 119782871021593681
6554 119858886351188881
6555 119929564169454481
6556 120006760607742481
6557 120074420053067281
6558 120153391895199121
6559 120221310453321361
6560 120299361707056081
6561 120369751837686721
6562 120446058224672641
6563 120513903319604161
6564 120594191962065601
6565 120662673580856641
6566 120739327761624961
6567 120809867327448961
6568 120887562955193761
6569 120955594295516161
6570 121035741775648321
6571 121103835273427201
6572 121181543014974721
6573 121252429059375361
6574 121329150413612161
6575 121397918452999681
6576 121478803787256961
6577 121547083984545121
6578 121624033318504801
6579 121695016114548961
6580 121773858697978081
6581 121842263551004161
6582 121922105598487681
6583 121990575649390081
6584 122068840473617281
6585 122140476812791681
6586 122217609441612481
6587 122286401539684801
6588 122367685791326401
6589 122436391992350401
6590 122514281783899201
6591 122585576470612801
6592 122664146148941761
6593 122732935908615361
6594 122813449517672641
6595 122882842599215041
6596 122961417697445761
6597 123032969247453601
6598 123110522621637601
6599 123179490303189601
6600 123261968184348001
6601 123331206541841761
6602 123408901050430081
6603 123480555834552961
6604 123559436972073601
6605 123629146194732481
6606 123709971589076161
6607 123779190404406721
6608 123858562249283521
6609 123930409931839681
6610 124009011041308801
6611 124078407751772161
6612 124160485994396161
6613 124229907688119361
6614 124308026627078401
6615 124380958761139201
6616 124460370304612801
6617 124529935543382401
6618 124611094848531841
6619 124680691506450241
6620 124760746539334081
6621 124832986295693761
6622 124911677691288001
6623 124981401990254401
6624 125064189829460161
6625 125134539186530881
6626 125213084098774561
6627 125285521123482721
6628 125365229071185601
6629 125435345473103041
6630 125517654064209601
6631 125587640140929601
6632 125667629220645601
6633 125740413434934241
6634 125819245898365921
6635 125889909302554081
6636 125973111104179681
6637 126043277100224641
6638 126122249531466241
6639 126195080068924801
6640 126276018627275521
6641 126346314451139521
6642 126428473814468641
6643 126499067697192481
6644 126579414628553761
6645 126653027032703521
6646 126732285336722401
6647 126802789112676961
6648 126886342578017761
6649 126956890217888161
6650 127037177071942561
6651 127110500107688161
6652 127191077062353121
6653 127261751736051841
6654 127344242708106241
6655 127415600658566401
6656 127496517842347681
6657 127570156441111201
6658 127649844846537601
6659 127720710906340801
6660 127805358432927361
6661 127876288364795041
6662 127956120482369761
6663 128029743726242401
6664 128111150117563201
6665 128182779676203841
6666 128265780145930561
6667 128336902319828161
6668 128418062107357441
6669 128492030117725441
6670 128572801087568641
6671 128644258681144321
6672 128728738403262721
6673 128800052373635041
6674 128880317661489121
6675 128954936423687521
6676 129036388678638721
6677 129107884645184641
6678 129191625733188481
6679 129263132241550081
6680 129345524642695681
6681 129419761316567041
6682 129500351257008961
6683 129571987372286401
6684 129656760405215041
6685 129729244111767361
6686 129809942132120641
6687 129884462255206081
6688 129966588091961281
6689 130038416266546081
6690 130122924097698721
6691 130194816721068001
6692 130277095204677601
6693 130351723608476641
6694 130432711648392481
6695 130505342568587041
6696 130590838935179041
6697 130662926571483361
6698 130744076406009121
6699 130819177063775521
6700 130902175151320801
6701 130974390596945281
6702 131058679674720001
6703 131130959800542721
6704 131213600114349121
6705 131289324647205121
6706 131370986407614721
6707 131443406568193921
6708 131529136139160961
6709 131601610537280161
6710 131683895398212001
6711 131759121269294881
6712 131842040065982881
6713 131914856491388161
6714 131999711236732321
6715 132072976665186721
6716 132155908829527201
6717 132231336649149601
6718 132313198915274401
6719 132385997873584801
6720 132473260830011041
6721 132546213453002401
6722 132628222032347521
6723 132703956176322241
6724 132787179210138001
6725 132860761997564401
6726 132945972680828401
6727 133019247444359281
6728 133102764062983681
6729 133178596863325441
6730 133261557006016321
6731 133334747241172801
6732 133421557161635521
6733 133494812129996641
6734 133577540340052321
6735 133654184460724321
6736 133738013825673601
6737 133811399431486561
6738 133897054102543201
6739 133970511125105761
6740 134054998995015841
6741 134131561696924321
6742 134214304457958241
6743 134287941594470881
6744 134375167225181281
6745 134449414781098081
6746 134532304902312961
6747 134608782696695041
6748 134693144082086401
6749 134766937550111041
6750 134853864213061441
6751 134927709220777921
6752 135012139627050241
6753 135088786732423681
6754 135172034599944961
6755 135246819207133441
6756 135334361379640321
6757 135408405544557121
6758 135491741657478721
6759 135568694901622081
6760 135654121967054881
6761 135728294660434561
6762 135815128144510081
6763 135889366681377601
6764 135974095051761601
6765 136051827422700481
6766 136135474002444481
6767 136209844662619201
6768 136298141168781121
6769 136372794485424961
6770 136457242667270401
6771 136534506177922561
6772 136619523021378721
6773 136694125301748961
6774 136781160236600161
6775 136856396508563041
6776 136942022985519841
6777 137019596474531041
6778 137103671780730241
6779 137178438468843841
6780 137267624802246721
6781 137342457684856801
6782 137426681928676321
6783 137504608753943521
6784 137590246178449921
6785 137665817868971521
6786 137753475376777921
6787 137828563450021441
6788 137914184318533921
6789 137992066593534241
6790 138077513907943201
6791 138152678349144481
6792 138241779736210081
6793 138317010606432001
6794 138401683954963201
6795 138480498910402561
6796 138566422861354561
6797 138642006426761281
6798 138730035895095361
6799 138805500621078721
6800 138892455342182881
6801 138970748504244961
6802 139055732478228961
6803 139131296080699681
6804 139221101341881121
6805 139297336650472801
6806 139382459599150561
6807 139460960160209761
6808 139547496805438561
6809 139623317440107361
6810 139712454834787681
6811 139788507081346081
6812 139875078766250401
6813 139953891203968321
6814 140039313285879361
6815 140115889050845761
6816 140205960211245121
6817 140282006761635841
6818 140367828850560001
6819 140446745307768961
6820 140534346200307841
6821 140610522296499841
6822 140699538131192641
6823 140775770138496961
6824 140862909465608161
6825 140942941440760801
6826 141028815623316481
6827 141105181782824641
6828 141195552750930241
6829 141271986045519841
6830 141358699484173921
6831 141438208350119521
6832 141525928576499041
6833 141602496259268161
6834 141691882935090241
6835 141769130950497601
6836 141856581046399201
6837 141936125632800481
6838 142022492806641121
6839 142099486184936161
6840 142191352785944161
6841 142268189717461441
6842 142354734154553281
6843 142434486805715521
6844 142522248308579521
6845 142599837406964641
6846 142689939138794401
6847 142766979554908321
6848 142855063060610401
6849 142935131449988161
6850 143022614467192801
6851 143099842281070561
6852 143191169547821281
6853 143268695042323681
6854 143355637495219681
6855 143436451833819361
6856 143524822794096961
6857 143602200115247521
6858 143692637088201121
6859 143770093428325921
6860 143859435294757921
6861 143939818952992801
6862 144027060067429921
6863 144104640686065441
6864 144196736486556961
6865 144275006137805281
6866 144362398838679361
6867 144443335520016961
6868 144532037598587521
6869 144609821870485921
6870 144701336138601121
6871 144779188374036001
6872 144868179479148001
6873 144948989129580001
6874 145036943348006881
6875 145115619633286561
6876 145208032011188641
6877 145286130322217281
6878 145373994867276481
6879 145455012852210241
6880 145545052303792321
6881 145623472917777601
6882 145714742316162241
6883 145793003164335361
6884 145882308357237601
6885 145964317520633761
6886 146052542385695521
6887 146130940060100641
6888 146224145541342241
6889 146302611368179921
6890 146391671331162961
6891 146473114049100241
6892 146562730952691601
6893 146641333802412241
6894 146733197931118801
6895 146812729392876241
6896 146902675360608721
6897 146984404309594321
6898 147073024633750321
6899 147151832519518321
6900 147245852350412401
6901 147324729129018481
6902 147413784300896881
6903 147495799238500081
6904 147586039323479281
6905 147665685113181361
6906 147757907796358321
6907 147836990154272881
6908 147927300477389041
6909 148009623872548081
6910 148099420172031601
6911 148178640004679281
6912 148272699787760881
6913 148351991086126321
6914 148441229509713361
6915 148524184515656401
6916 148615059499822801
6917 148694485843154161
6918 148787190105951601
6919 148866762855469681
6920 148958358757976881
6921 149040978938881681
6922 149130527487034801
6923 149210400435115441
6924 149304637027794481
6925 149384981999258641
6926 149474685878770321
6927 149557411697083921
6928 149648615632262641
6929 149728493589171601
6930 149822895947356561
6931 149902808826268561
6932 149993995167430321
6933 150076936137309361
6934 150166951218207601
6935 150247651601842801
6936 150342560531012401
6937 150422911412988721
6938 150513082364122321
6939 150596352932448721
6940 150688587365317201
6941 150768903638087761
6942 150862618853236561
6943 150942944799022801
6944 151035055390019281
6945 151119094761477841
6946 151209585455739601
6947 151290049737369361
6948 151385395625562481
6949 151465929422766481
6950 151557300016105681
6951 151641132379308241
6952 151733337170220241
6953 151814026540145041
6954 151908199737674641
6955 151989625374245521
6956 152081764821943441
6957 152165680982245681
6958 152256900181176241
6959 152337782156875441
6960 152434451832120241
6961 152515403563723921
6962 152606513960009281
6963 152690599421098561
6964 152783054423724001
6965 152865032838060001
6966 152959811379883681
6967 153040972619819041
6968 153133788149607841
6969 153218034872633761
6970 153310210758443041
6971 153391511871229921
6972 153488002605750241
6973 153569385580239841
6974 153661036278119521
6975 153746290307050081
6976 153839405968519681
6977 153920917191759841
6978 154016054514758881
6979 154097873701732321
6980 154191712176028321
6981 154276426359618721
6982 154368323775126241
6983 154450045470507361
6984 154547047018714561
6985 154629555270751681
6986 154721879105311681
6987 154806790562808001
6988 154900204745172481
6989 154982140639951681
6990 155078534667193921
6991 155160537555259201
6992 155254313878190401
6993 155339793840456001
6994 155432207953900801
6995 155515008829708801
6996 155612289573826561
6997 155694503779180321
6998 155787034421860321
6999 155872366729315681
7000 155967458714813281
7001 156049813999853761
7002 156146063490968161
7003 156228490195160161
7004 156322566732828001
7005 156408803102218081
7006 156501654627404641
7007 156584563192328161
7008 156682462404079201
7009 156765101390955361
7010 156858852918235681
7011 156944752116101281
7012 157039132089411841
7013 157121911581699361
7014 157218810679115041
7015 157302331048469281
7016 157397034517682881
7017 157483026891641281
7018 157576427149824481
7019 157659419290910881
7020 157758596806853281
7021 157841919439992481
7022 157935405367149601
7023 158021618517313441
7024 158116666619262241
7025 158200542743152321
7026 158297656883014081
7027 158380933121898241
7028 158476237694112001
7029 158562851596389121
7030 158657423505899521
7031 158740842324011521
7032 158839726777461121
7033 158923254516874561
7034 159017220542008801
7035 159104824577572321
7036 159200176975741921
7037 159283812062108641
7038 159381581694854881
7039 159465285294931681
7040 159561825416573281
7041 159648703161982561
7042 159743265053827681
7043 159827111431869601
7044 159926333080551841
7045 160010922251075041
7046 160105413009247201
7047 160192636261884001
7048 160288641478900801
7049 160372960261185601
7050 160471865129901121
7051 160556060761030081
7052 160652067739617601
7053 160739390440607041
7054 160834160276844481
7055 160919127607700161
7056 161019474056031601
7057 161103821435438161
7058 161198752582000561
7059 161286338191996081
7060 161383440325670641
7061 161467938161172721
7062 161566626921784561
7063 161651436164133361
7064 161748096704608561
7065 161836685079690481
7066 161931939395836561
7067 162016647537025681
7068 162116904814772881
7069 162201683209055281
7070 162298143214413361
7071 162386136193349041
7072 162483212737451761
7073 162568198932745201
7074 162667453093782001
7075 162753132944067121
7076 162850125258036721
7077 162938599618003441
7078 163034340062414641
7079 163119478755384241
7080 163221209877240241
7081 163306421064631921
7082 163402323918583441
7083 163490882636222161
7084 163588564957241041
7085 163674642389666641
7086 163774265816302801
7087 163859705938578001
7088 163957375911317521
7089 164046060669807121
7090 164143058719699921
7091 164228880599086801
7092 164330278442114161
7093 164415924525313201
7094 164512315709693041
7095 164601987300021361
7096 164699967420222961
7097 164785758071850481
7098 164886226141966321
7099 164972091381185521
7100 165070859889083761
7101 165160099856392561
7102 165256818484823281
7103 165342826056438001
7104 165444805979721841
7105 165531832141646641
7106 165628819971931441
7107 165718171204054321
7108 165816480907338001
7109 165902706618385201
7110 166004285243550001
7111 166090623030306481
7112 166189555061384881
7113 166279125342041521
7114 166376334089380561
7115 166463469862172881
7116 166565765288193361
7117 166652347427065681
7118 166749720239766481
7119 166839898363538641
7120 166939689292135441
7121 167026352387950321
7122 167127501934368241
7123 167214255726729841
7124 167313275895061681
7125 167404039503560881
7126 167502025845340081
7127 167588908187112241
7128 167692116998189041
7129 167779072504034641
7130 167877732968715601
7131 167967984965296081
7132 168067293856149841
7133 168154649754991441
7134 168256317093429841
7135 168344189739906001
7136 168443860115593681
7137 168534501436886161
7138 168632698752742801
7139 168720086776184401
7140 168824572335777361
7141 168911969426321041
7142 169010330509290961
7143 169101038899429201
7144 169201036362085201
7145 169289278998166801
7146 169391589722149681
7147 169479460993700401
7148 169579439756778481
7149 169670376919545841
7150 169769984822175601
7151 169857747845524081
7152 169961803779268081
7153 170049647682382321
7154 170148794708270161
7155 170240817033786961
7156 170341131859653361
7157 170429133888997681
7158 170531825061785521
7159 170619882962748721
7160 170721343421484721
7161 170813077689470641
7162 170912267420865361
7163 171000529640673361
7164 171105047201457361
7165 171194032929534481
7166 171293388947116561
7167 171385014735042961
7168 171486326877876241
7169 171574754669944081
7170 171678788853265681
7171 171767290641127441
7172 171868355748134161
7173 171960333350898481
7174 172060042799690161
7175 172149669144930481
7176 172254810126767281
7177 172343533915783441
7178 172443391987582801
7179 172535478784900561
7180 172637616938366161
7181 172726490293817041
7182 172830678173753041
7183 172919691496288081
7184 173021383993132081
7185 173114440417784881
7186 173214630654518161
7187 173303725827687121
7188 173409157865895121
7189 173498628296410321
7190 173599788796723921
7191 173692480322312401
7192 173794498736264401
7193 173883817236598321
7194 173988144024579121
7195 174078252194383921
7196 174180556035470641
7197 174273337242254641
7198 174374031178680241
7199 174463580741415601
7200 174570746360689921
7201 174660376277905921
7202 174761283155279041
7203 174854568574421761
7204 174956915603464801
7205 175047468029835361
7206 175152238961284321
7207 175242080008982881
7208 175344794752459681
7209 175438169044116481
7210 175540473561369601
7211 175630464281753281
7212 175736955930542401
7213 175827021549565921
7214 175928387518980961
7215 176022659200207201
7216 176125795602804961
7217 176216274162912481
7218 176321708665926721
7219 176411999230197121
7220 176515869097009441
7221 176609585607639841
7222 176711297567254561
7223 176801741345901601
7224 176909262622164001
7225 177000527002099921
7226 177102399659679601
7227 177196541144279281
7228 177299961577434481
7229 177390627882232081
7230 177497295718682641
7231 177588301849243921
7232 177692049562967281
7233 177786230043982321
7234 177888441429988561
7235 177980060816698321
7236 178087767051821521
7237 178178734698474481
7238 178281492351241201
7239 178375921214934001
7240 178480820722810801
7241 178571980765069681
7242 178678351753342321
7243 178769545844040241
7244 178873607193344881
7245 178969427004355441
7246 179072147889550321
7247 179163493151524081
7248 179271795751380721
7249 179363285347803121
7250 179467010460785521
7251 179561895823983601
7252 179666609665217041
7253 179758181997203761
7254 179865254259301681
7255 179957635549706161
7256 180062393976923761
7257 180157516923342961
7258 180260764063490161
7259 180352850624573041
7260 180462434133723121
7261 180554310463518001
7262 180657713310876721
7263 180753201354492721
7264 180858331938184561
7265 180951095759327281
7266 181058818803643441
7267 181150965528896881
7268 181256073452711281
7269 181351667206416241
7270 181456242123757681
7271 181548567236467441
7272 181658070617873041
7273 181750671756612241
7274 181854588051656881
7275 181951191600986161
7276 182056659657090481
7277 182149157517493681
7278 182257100443260721
7279 182349664895167921
7280 182456695149793201
7281 182552890191411601
7282 182657228062058641
7283 182749941390263761
7284 182859654420008401
7285 182953190508154321
7286 183057621947763601
7287 183154208385835921
7288 183260358933528721
7289 183353303439431761
7290 183462799198180081
7291 183555826032664561
7292 183661969704679921
7293 183758649637090801
7294 183863730920087281
7295 183957648666426481
7296 184068136693530481
7297 184161385714428241
7298 184266335669882641
7299 184363245913352401
7300 184470598355867761
7301 184564273942511761
7302 184673288254302481
7303 184766767871003281
7304 184873699545889681
7305 184971496810012561
7306 185076838533255121
7307 185170471452481681
7308 185281747124104081
7309 185375456949215281
7310 185481790490449201
7311 185579050847740081
7312 185686276448359441
7313 185780140559704081
7314 185889702952746001
7315 185984756552797201
7316 186091955843216401
7317 186189589606083601
7318 186295403081672401
7319 186389540897313361
7320 186501972163751761
7321 186596144308670641
7322 186702440392221361
7323 186800180454481201
7324 186907727661125041
7325 187002814903266961
7326 187113138294082321
7327 187207561384327441
7328 187315495304289841
7329 187413761469153841
7330 187520947014343921
7331 187615505585310001
7332 187727453904675121
7333 187822089887484241
7334 187928614473305041
7335 188027752570681681
7336 188136330018860881
7337 188231203856454481
7338 188341838503287121
7339 188436708368122321
7340 188545827989019601
7341 188644290562172881
7342 188751148528510801
7343 188846449241374801
7344 188959289981605201
7345 189055195833278161
7346 189162228546869041
7347 189260936259278641
7348 189369625819959601
7349 189464882619051601
7350 189577285167348241
7351 189672619758840721
7352 189781591437864721
7353 189880684230063121
7354 189988067009488561
7355 190084321235275441
7356 190197319964278321
7357 190293166811707441
7358 190400773871471281
7359 190500037038222001
7360 190610275374371761
7361 190706019048259441
7362 190817890573961041
7363 190913694712937041
7364 191023332387059281
7365 191123559287127121
7366 191231473072368721
7367 191327432208615121
7368 191441179294867921
7369 191537215924726321
7370 191646248023806001
7371 191746396147007281
7372 191856087879580081
7373 191952281325204721
7374 192064552283959921
7375 192161600544651121
7376 192271666412797201
7377 192371584672054801
7378 192480364158754321
7379 192576793248671761
7380 192691968295605841
7381 192788547847348081
7382 192897161867031601
7383 192997332440865841
7384 193107783797736241
7385 193205504739002161
7386 193318324699030321
7387 193415067111756721
7388 193525458396625201
7389 193625997867057361
7390 193735837130644561
7391 193832750606212561
7392 193948061985166801
7393 194045040015756721
7394 194154184577884561
7395 194255666052815761
7396 194366417726414401
7397 194463597466089601
7398 194577123773731201
7399 194674622390211841
7400 194786640692233441
7401 194887537336343521
7402 194997036551523841
7403 195094481798494081
7404 195209707040017921
7405 195307937677512001
7406 195417943305785281
7407 195519219326195521
7408 195630723945752641
7409 195728336265906241
7410 195843239997080641
7411 195940928101288321
7412 196052421481686721
7413 196154105298989761
7414 196264220604978241
7415 196362849743559361
7416 196478987935037761
7417 196576913498409121
7418 196687124322841921
7419 196788758932178881
7420 196901814932099521
7421 196999900454849281
7422 197114378151235201
7423 197212586239453441
7424 197324822937563041
7425 197427744054222241
7426 197538313125735841
7427 197636921962649761
7428 197753271344979361
7429 197851715448992161
7430 197963347971553441
7431 198065476551397921
7432 198178044370033921
7433 198276605038451041
7434 198392127443737441
7435 198491556814850401
7436 198604249612766881
7437 198706628138455201
7438 198817732801408801
7439 198916533602067361
7440 199034614084432801
7441 199133781610315681
7442 199245066109216561
7443 199347826003933681
7444 199460746615426321
7445 199560577720887121
7446 199676193372544081
7447 199775386475029201
7448 199889030725021201
7449 199991950096469521
7450 200104493700641521
7451 200203772137806001
7452 200321423983706161
7453 200420786467144561
7454 200532609670566001
7455 200636859300098161
7456 200750548514201041
7457 200850066979719601
7458 200966305919144881
7459 201065904480004081
7460 201180463990891441
7461 201283971227378641
7462 201396534770108881
7463 201496313956816081
7464 201614565364854481
7465 201715203182432401
7466 201827567319522481
7467 201931202562248881
7468 202045218891746161
7469 202145585578512241
7470 202263388269826801
7471 202363471671928561
7472 202477891299228721
7473 202581763074880561
7474 202694491136697841
7475 202795594653481201
7476 202914560202102001
7477 203014881555782161
7478 203127788368209361
7479 203232051666839761
7480 203347843260138961
7481 203448325707893041
7482 203565608531150641
7483 203666464777416241
7484 203781215509362481
7485 203886421739442481
7486 203999707833224881
7487 204100432245297841
7488 204220069508913361
7489 204320874661994161
7490 204435567005407921
7491 204540268072175281
7492 204655387185002641
7493 204756354490423441
7494 204874196217223441
7495 204976052233303441
7496 205091553269645041
7497 205196894531576401
7498 205310719061570641
7499 205411928566970641
7500 205532660043781201
7501 205633996653716881
7502 205748083594749841
7503 205853211633624721
7504 205969445899631761
7505 206071725272687761
7506 206190296469935761
7507 206291830234618321
7508 206407688472726001
7509 206513066926514161
7510 206628344309418481
7511 206730343148932081
7512 206850890637229681
7513 206952744517553521
7514 207067365301242961
7515 207173982476742481
7516 207290211460931281
7517 207392151522710641
7518 207511475959651441
7519 207613497766316401
7520 207731074060790641
7521 207836967317059441
7522 207951878885236561
7523 208054063244756881
7524 208175250883009681
7525 208278643289750161
7526 208393739370859921
7527 208499925783392401
7528 208616912345521201
7529 208719341392774801
7530 208839845963375761
7531 208942377526298641
7532 209059691408455441
7533 209166233234718481
7534 209281695643032721
7535 209385268959319441
7536 209507001583349521
7537 209609757488106481
7538 209725403900224081
7539 209832361357734481
7540 209950704783068881
7541 210053624377010161
7542 210173903902317361
7543 210276920424630961
7544 210394665887229361
7545 210502422461657521
7546 210618864111449521
7547 210722029564967281
7548 210844136697110641
7549 210947384190746641
7550 211064520854562961
7551 211171819194892561
7552 211289957632036561
7553 211393718216418001
7554 211514413131368401
7555 211618734957328081
7556 211736829539970481
7557 211844322489820081
7558 211960891853802481
7559 212064550200493681
7560 212188937771437681
7561 212292678419313361
7562 212409449997873361
7563 212517118286514001
7564 212635592866988881
7565 212740350957808081
7566 212861677312505041
7567 212965977872970961
7568 213084955399707601
7569 213193027331842081
7570 213311089821105121
7571 213415243046882401
7572 213538491141133921
7573 213642726511098241
7574 213760379778261121
7575 213869433865570561
7576 213988672514180161
7577 214093073140348321
7578 214215083279933761
7579 214319693395183681
7580 214439870651532481
7581 214548641531847361
7582 214666348868095681
7583 214770997705924801
7584 214895074811256001
7585 215000647942893121
7586 215118517670330401
7587 215227363329165601
7588 215347313380688161
7589 215452210823280961
7590 215575721856133441
7591 215680702254390721
7592 215800752897976321
7593 215909707532578561
7594 216027950560538401
7595 216134251643607841
7596 216258839981908321
7597 216364069889459041
7598 216482504771439841
7599 216591740160975841
7600 216713129942574241
7601 216818604961015201
7602 216941973954894241
7603 217047453005748961
7604 217167812527248001
7605 217278356610209761
7606 217397161065486241
7607 217502806684096801
7608 217628035115133601
7609 217734072331143841
7610 217854016259220961
7611 217963749511649761
7612 218084580052637281
7613 218190484557978721
7614 218314249302737761
7615 218421076417018081
7616 218542621249183201
7617 218652612306213601
7618 218772034299995041
7619 218878196150967841
7620 219004807913102881
7621 219111037899677761
7622 219230596154959681
7623 219341398279842241
7624 219462917734033441
7625 219570173592969121
7626 219694358642036641
7627 219800844102049441
7628 219922346872612321
7629 220032858596506081
7630 220154103241997281
7631 220260800494347361
7632 220387412908089601
7633 220494167219025601
7634 220614378828204481
7635 220726037682790081
7636 220847933369837761
7637 220955145502822081
7638 221079930320921281
7639 221186914798870081
7640 221310179241698881
7641 221421365587951681
7642 221541864982341601
7643 221649017608751521
7644 221776243664835361
7645 221884419579036961
7646 222005108289015841
7647 222116404090023841
7648 222239104270523041
7649 222346509449831041
7650 222473068414770721
7651 222580871246887201
7652 222703524483212161
7653 222815082465033601
7654 222936152095315201
7655 223044671489105281
7656 223172386270481281
7657 223280197178743681
7658 223401808547168641
7659 223513788445353601
7660 223637811086751361
7661 223745723626035841
7662 223871669653724161
7663 223979666003074561
7664 224103134575580161
7665 224216444501990401
7666 224338082764752481
7667 224446352852845921
7668 224574524289671521
7669 224682774177505921
7670 224805634070824321
7671 224917981064928001
7672 225042171291878401
7673 225150590651130721
7674 225277129365037921
7675 225386508507624481
7676 225510337620158881
7677 225623097399001921
7678 225745399598377921
7679 225854390329863361
7680 225984270140773441
7681 226093028973311521
7682 226215440540727841
7683 226328366996117281
7684 226452590817642721
7685 226562396322503521
7686 226690069448400481
7687 226799083350409441
7688 226923693050018641
7689 227036917780430161
7690 227160684339407761
7691 227269868509097041
7692 227399069612721361
7693 227508658509379441
7694 227631634494455281
7695 227746120221133681
7696 227871201213146161
7697 227980642512198961
7698 228108372170929201
7699 228217897407673201
7700 228344343350997361
7701 228458036787377521
7702 228581396772129841
7703 228691092808432561
7704 228821293914875761
7705 228931963132560241
7706 229055515416552721
7707 229169783756244241
7708 229295152631638801
7709 229405155247290961
7710 229534509801376081
7711 229644630642943441
7712 229770437011274161
7713 229884790544488081
7714 230009112579304081
7715 230120203755546001
7716 230250618007182481
7717 230360913240177841
7718 230485068897054001
7719 230599542135459121
7720 230726719447102321
7721 230837508339846001
7722 230966769055340401
7723 231077321753436721
7724 231203469914296561
7725 231319131588948721
7726 231443648367308401
7727 231554372931208561
7728 231686042543814001
7729 231796853696204401
7730 231922561656287281
7731 232037717667517681
7732 232164258201847441
7733 232275342666986641
7734 232404872717460241
7735 232517230476748561
7736 232644184518134161
7737 232759456377762961
7738 232884555416859601
7739 232995797043426001
7740 233128662277047121
7741 233239989773852401
7742 233365648354287601
7743 233481193501263601
7744 233608668621075361
7745 233721060786891361
7746 233851194706093921
7747 233962781817395041
7748 234090167531627041
7749 234206475226167841
7750 234333173814358561
7751 234444942503319841
7752 234577463412567841
7753 234689309447794561
7754 234815184932004001
7755 234932280861900961
7756 235060375771646881
7757 235172395010149441
7758 235303307609628481
7759 235415413516783681
7760 235544605661082241
7761 235661006536218241
7762 235787272029396961
7763 235899878753153761
7764 236032742035327201
7765 236146007146117921
7766 236272562960261281
7767 236389335172789921
7768 236517871177914721
7769 236630434006678561
7770 236763220687787041
7771 236875863967739041
7772 237004384274718241
7773 237121272701122081
7774 237248192912622241
7775 237361903408837921
7776 237495828115192801
7777 237609130343708641
7778 237736178269947841
7779 237853337584833601
7780 237983280755136001
7781 238096346771996161
7782 238228303552471681
7783 238341454414936321
7784 238471163415448321
7785 238589690079034561
7786 238717156381052161
7787 238830531928988161
7788 238964732544437761
7789 239078143850854561
7790 239206822437881761
7791 239324869733540641
7792 239454628518506401
7793 239568214640008321
7794 239700958158566881
7795 239815541143738081
7796 239945249996830081
7797 240063234265676161
7798 240191638037665921
7799 240305572255000321
7800 240441673142977921
7801 240555614110873921
7802 240683843196267841
7803 240802276560872641
7804 240932385132799681
7805 241047745029293761
7806 241180926458886721
7807 241295128114453441
7808 241425692428115041
7809 241544229790431841
7810 241673979017885281
7811 241788354417915361
7812 241924275894298081
7813 242038790886489121
7814 242167611091160161
7815 242287354878760801
7816 242418288385454401
7817 242532927171257761
7818 242666723756599201
7819 242781785037371041
7820 242913780499282081
7821 243033095074872481
7822 243162311344461601
7823 243277214308645921
7824 243413443703573281
7825 243529362109444801
7826 243659214727700161
7827 243778556232701761
7828 243909888151383361
7829 244025055699492961
7830 244160736059748961
7831 244275993581505121
7832 244407831995121121
7833 244527796901499361
7834 244657608789321601
7835 244773964787544961
7836 244910558805008641
7837 245026103277572161
7838 245156114110781761
7839 245276218992918721
7840 245409841081394401
7841 245525539015231681
7842 245660571588964801
7843 245776458483986881
7844 245908581468021121
7845 246029709563230081
7846 246160118896800961
7847 246276438242208961
7848 246414077656692961
7849 246530131226853601
7850 246661793379704641
7851 246782236068150721
7852 246914820569000641
7853 247031050514475361
7854 247167229345569121
7855 247284478668108001
7856 247417461128203681
7857 247538346113754241
7858 247669354723388641
7859 247785856067631841
7860 247924811893083361
7861 248041737317065441
7862 248172946092608161
7863 248293941903904801
7864 248427302541060001
7865 248545142341995361
7866 248681629863492961
7867 248798482547500321
7868 248932207214069281
7869 249053482280301601
7870 249186144877134241
7871 249303199715951521
7872 249441957963524641
7873 249559078214952961
7874 249690893200189441
7875 249813943854927361
7876 249947787419784961
7877 250065086276217121
7878 250202049513799201
7879 250319437740784801
7880 250454687464994401
7881 250576518877284961
7882 250709117001590881
7883 250826684105844001
7884 250965994875002401
7885 251084610237165601
7886 251217024291230881
7887 251339223173227681
7888 251473870220890081
7889 251592060243802081
7890 251730687809457121
7891 251848666889388001
7892 251983226697039361
7893 252105774605064481
7894 252238592052772321
7895 252357641717581921
7896 252498046318209121
7897 252616241753433121
7898 252749361147186721
7899 252872026482514081
7900 253008084578174881
7901 253126458879063361
7902 253264797421805761
7903 253383607015412161
7904 253519126977264961
7905 253643084996992321
7906 253776510163283521
7907 253895154348478081
7908 254035548293738881
7909 254154371738551681
7910 254289460235721601
7911 254412854510966401
7912 254548684960464001
7913 254667601181778241
7914 254806387344863041
7915 254926344050852161
7916 255062135206536961
7917 255186062568226561
7918 255320097866382721
7919 255439283050197121
7920 255582014781031681
7921 255701290460055121
7922 255835553569428241
7923 255959358502932241
7924 256095958871185681
7925 256216378469309041
7926 256355796914626801
7927 256475343676302961
7928 256611986891291761
7929 256736219283226321
7930 256872001658848081
7931 256992168869589841
7932 257133844943447761
7933 257253663367904881
7934 257388510077163121
7935 257513865327986161
7936 257650960683053041
7937 257770960444482001
7938 257911615529321281
7939 258031730472400321
7940 258169856707420801
7941 258294489147262081
7942 258429865529448001
7943 258550193566912321
7944 258692757324102721
7945 258814436942237761
7946 258949902042207361
7947 259074982433899201
7948 259212427040705281
7949 259332971910629281
7950 259474796142450721
7951 259595432023975201
7952 259733751898079521
7953 259859044277402401
7954 259994915443046881
7955 260116703965582561
7956 260259953368868641
7957 260380862964198241
7958 260516948305066081
7959 260642796025565281
7960 260782206991805281
7961 260903316274589281
7962 261044643082965601
7963 261165825996249121
7964 261304206250596001
7965 261431152778724001
7966 261568035614954401
7967 261689405320021921
7968 261833299932838561
7969 261954812264711521
7970 262092596414691361
7971 262218646729979041
7972 262357340194867201
7973 262479360101544961
7974 262621514667721921
7975 262744325139117121
7976 262883465326266721
7977 263009800500916321
7978 263146903154363521
7979 263268818377902721
7980 263414681409813121
7981 263536697998108801
7982 263674069479198721
7983 263800857429613441
7984 263940446534773441
7985 264063614150755201
7986 264206330051675521
7987 264328969559378881
7988 264468499785003361
7989 264595405965229921
7990 264734259584803681
7991 264856725925206241
7992 265002091558710241
7993 265124649280868161
7994 265262980600760641
7995 265391250684336961
7996 265531200549456961
7997 265654034579350081
7998 265797293696631361
7999 265920145532468161
8000 266061712284660481
8001 266189732024021761
8002 266328075729946081
8003 266451094883831521
8004 266596682064042721
8005 266720777492455201
8006 266859328765795681
8007 266987120715055201
8008 267128523337288801
8009 267251818524024001
8010 267397060052870401
8011 267520447630150081
8012 267661239296720641
8013 267789292644545281
8014 267928259675368321
8015 268053183914382721
8016 268199690592355201
8017 268323355618174561
8018 268462551144977761
8019 268591165210809121
8020 268733508753848161
8021 268857415349185441
8022 269002382762290081
8023 269126326084444321
8024 269268023004172321
8025 269397689893428001
8026 269537282118655681
8027 269661420687391681
8028 269808497635531201
8029 269933087607929281
8030 270074113292917441
8031 270203031538489921
8032 270345157252285441
8033 270469569280347841
8034 270614831120736961
8035 270740326985987521
8036 270882805119313441
8037 271012203545348641
8038 271152422837286241
8039 271277108732483041
8040 271426086525519841
8041 271550986240620001
8042 271691414971345921
8043 271821289518197761
8044 271963774901054401
8045 272089739909241601
8046 272235787224921601
8047 272360902656604801
8048 272503875594501121
8049 272633662623540481
8050 272776072308691201
8051 272901317758558081
8052 273049633680731521
8053 273174972136302241
8054 273316030434499681
8055 273447322002470881
8056 273590712954902881
8057 273716604236700001
8058 273863135093608801
8059 273988753913460001
8060 274133308539436321
8061 274263676920487201
8062 274405161827575201
8063 274531062309227041
8064 274680853886497441
8065 274807760685252961
8066 274949453336432161
8067 275080113043366561
8068 275223877589139841
8069 275349964611342241
8070 275498298092795041
8071 275624846768994721
8072 275769071788686721
8073 275900273355765121
8074 276042491883196801
8075 276169923924806401
8076 276319457021508481
8077 276445921293547201
8078 276588659302810561
8079 276719902962880321
8080 276865745755219201
8081 276992396154125281
8082 277140405336137281
8083 277267150460422081
8084 277411775232553921
8085 277544851400456641
8086 277687662716318401
8087 277814595431799361
8088 277965053282324161
8089 278092080196476961
8090 278236182147857761
8091 278368195719416161
8092 278513699567359201
8093 278640915018645121
8094 278789410130478721
8095 278917738398597121
8096 279063409999418881
8097 279195532847450881
8098 279338915655494881
8099 279466844361888481
8100 279619140073983601
8101 279746733159016081
8102 279890328543464401
8103 280022748278892241
8104 280168695370291441
8105 280297499809606321
8106 280447069023983281
8107 280575042397643761
8108 280720955854987441
8109 280853870488854001
8110 280999043825835121
8111 281127110003026801
8112 281279012792501041
8113 281407566681192241
8114 281551801055291281
8115 281685871057407121
8116 281832216850639921
8117 281960567443667281
8118 282110678170199761
8119 282239134221792721
8120 282387559508256721
8121 282520860702536401
8122 282665527041362641
8123 282794162471010961
8124 282946377712362001
8125 283076205396329521
8126 283221110151670321
8127 283355282000681521
8128 283502565562532401
8129 283631583110238001
8130 283783249804883761
8131 283912266939355441
8132 284059501547592241
8133 284193394533215281
8134 284339123213220721
8135 284469363230672881
8136 284622718470227281
8137 284752020537376081
8138 284897604811704721
8139 285031794348683281
8140 285180738213165841
8141 285310608209640721
8142 285461751590683921
8143 285591365896450321
8144 285739516434521521
8145 285875258190868081
8146 286021205798826961
8147 286150984789032721
8148 286305000935992081
8149 286434880858643281
8150 286582222260018961
8151 286717188547430161
8152 286865744363774161
8153 286995814672290001
8154 287147822380270801
8155 287279407877776081
8156 287427928164582481
8157 287563009982233681
8158 287709603533920081
8159 287839958745088081
8160 287995775873202001
8161 288126225059749681
8162 288273573975497521
8163 288409133171059441
8164 288558158764309681
8165 288689856178361521
8166 288842326795544881
8167 288973063913976241
8168 289122496163561041
8169 289258570594562641
8170 289407013429903441
8171 289537942738114321
8172 289693076952256081
8173 289824200867645521
8174 289971659778421201
8175 290108734456222801
8176 290259075659603281
8177 290390382644168401
8178 290543534174101201
8179 290674848426742801
8180 290825882375576401
8181 290962347359111281
8182 291110238510346801
8183 291242130066287281
8184 291398131655740081
8185 291530787939005041
8186 291678896098498321
8187 291815473825311121
8188 291965761698610321
8189 292097577408639121
8190 292253355474172561
8191 292385248557021841
8192 292536038723116801
8193 292672916950871041
8194 292821490008784321
8195 292954733176240321
8196 293111031473073601
8197 293243599981456321
8198 293392360439224321
8199 293529721062478081
8200 293682137957726881
8201 293814515390270881
8202 293969011421085601
8203 294101545330657441
8204 294253144011672481
8205 294391724408249761
8206 294541032890149921
8207 294673705834626721
8208 294831232793922721
8209 294963997307521921
8210 295114607293611841
8211 295252830851899201
8212 295404431462321761
8213 295537391838396001
8214 295692570035166241
8215 295826695726056481
8216 295978847475624481
8217 296117218890819361
8218 296267507650271521
8219 296400757946461921
8220 296559694777160161
8221 296693042371847041
8222 296843113166252161
8223 296981500512000001
8224 297134064088969441
8225 297269077084358881
8226 297425139467828161
8227 297558798727671361
8228 297711432901130401
8229 297850186537372321
8230 298001899888951201
8231 298135734686645281
8232 298294836640565281
8233 298428769021046401
8234 298579510274025601
8235 298719809119324801
8236 298872749498198401
8237 299006877186531361
8238 299163416489028001
8239 299298134479704481
8240 299452813887088801
8241 299592114490150561
8242 299743351903018081
8243 299877772908996001
8244 300037043820129601
8245 300172666592418241
8246 300324523995503041
8247 300464126590943041
8248 300617992746939841
8249 300752707937539201
8250 300911319328018561
8251 301046134762611841
8252 301199961484732801
8253 301340462558701441
8254 301492292406890881
8255 301628443411378561
8256 301788514081818241
8257 301923632265267841
8258 302075682956838241
8259 302215895835986401
8260 302371858713400801
8261 302507263893320161
8262 302665424433341281
8263 302800826252728801
8264 302955589585224001
8265 303097258880712001
8266 303249751901290081
8267 303385745785269601
8268 303546273619782241
8269 303681970610768641
8270 303835906833502081
8271 303976918048922881
8272 304132282574956801
8273 304268176585137121
8274 304427239508652001
8275 304564328747938081
8276 304719501539753281
8277 304860638112886081
8278 305013796234145281
8279 305150013852030721
8280 305312963239941121
8281 305449712605449361
8282 305603095230248401
8283 305744640281430481
8284 305900286311046481
8285 306037864412561041
8286 306197155991965201
8287 306333741070982161
8288 306490352573275921
8289 306632293381762321
8290 306787349136288721
8291 306924132092970001
8292 307085987151298321
8293 307222869118440241
8294 307377109277486641
8295 307520717866593841
8296 307677318559133041
8297 307814398690510801
8298 307974594964742641
8299 308111775994374001
8300 308269565192819761
8301 308411928068001841
8302 308566872607610161
8303 308704281668207281
8304 308867153622485041
8305 309005834627300401
8306 309160552164788881
8307 309303478108636561
8308 309460463634898321
8309 309598540793500561
8310 309760505972468881
8311 309898281184684561
8312 310055756958412561
8313 310198767265328401
8314 310353932286379441
8315 310493010317718961
8316 310657098634749361
8317 310795172456592721
8318 310950561542621521
8319 311093854609987921
8320 311253160306210321
8321 311391434405154001
8322 311552835172424401
8323 311691619158229201
8324 311849507601413041
8325 311994461199071761
8326 312150311896488721
8327 312288988471178641
8328 312453241570807441
8329 312591913905677041
8330 312749717064237361
8331 312893629032273841
8332 313051973141679601
8333 313190908575029041
8334 313353198891850801
8335 313493282908682161
8336 313652160649543441
8337 313796804256383761
8338 313953434496556561
8339 314092611590265361
8340 314258611266412561
8341 314397904148140561
8342 314554644298427281
8343 314699377695555601
8344 314859143741475601
8345 314999732565090001
8346 315162583838231761
8347 315302185591897681
8348 315461443662167761
8349 315606411278969041
8350 315764868264371281
8351 315905049865319761
8352 316070992945384561
8353 316210867490099281
8354 316368282875484721
8355 316514603452868401
8356 316674319819462801
8357 316814396077133521
8358 316978352905805521
8359 317118592888729681
8360 317280239272537681
8361 317425903954088881
8362 317583775233519601
8363 317724152742675121
8364 317890296931911601
8365 318032311848826801
8366 318190408308231601
8367 318336193971102001
8368 318496908430759921
8369 318637588296538321
8370 318803319714855121
8371 318944206233548881
8372 319105396730245201
8373 319251496248041041
8374 319410046315740241
8375 319552166400843601
8376 319719276012603601
8377 319860359695475761
8378 320019136903245361
8379 320166194505371761
8380 320328579809022961
8381 320469900247511761
8382 320634916751586001
8383 320776304188380241
8384 320937947218753681
8385 321085918806998161
8386 321245614301270161
8387 321387203841255121
8388 321554967457387441
8389 321696658313676241
8390 321857393211871441
8391 322004436996528721
8392 322166503615788721
8393 322308917961286321
8394 322474519712902321
8395 322617662900668081
8396 322779683941444081
8397 322927245527543281
8398 323087290010250481
8399 323229490992555121
8400 323399932155289201
8401 323542236708290161
8402 323702381122710481
8403 323850056673571921
8404 324012663394002001
8405 324156308630451121
8406 324322841619298801
8407 324465862255879921
8408 324628857621420721
8409 324776849732840881
8410 324938743485866641
8411 325081617015327121
8412 325250601249684241
8413 325393513075322641
8414 325554813537480721
8415 325704649838553361
8416 325868150207229841
8417 326011285437521041
8418 326178326176229521
8419 326321542582003921
8420 326486264329238161
8421 326635324234277521
8422 326796614989490641
8423 326940035625402961
8424 327110345660498161
8425 327255025856079121
8426 327416667889681681
8427 327565613396928721
8428 327729975304947601
8429 327873702649969201
8430 328042786180269361
8431 328186615858747441
8432 328351085102042161
8433 328500545417444881
8434 328662526595883121
8435 328808136658339441
8436 328978599606345841
8437 329122911227069041
8438 329285122983662641
8439 329434710982401841
8440 329600893397054641
8441 329745247337811121
8442 329914421457509041
8443 330058866156942961
8444 330223681941375601
8445 330374782129538161
8446 330537458207844721
8447 330682108303194481
8448 330853735195063921
8449 330998940036198001
8450 331163233284993121
8451 331313660065261921
8452 331478944742114881
8453 331623903708617281
8454 331793082049663681
8455 331939325538271681
8456 332105611856786881
8457 332256152754214081
8458 332419520684352481
8459 332564897277437281
8460 332738396799692641
8461 332883767313976321
8462 333047367136103041
8463 333198742452193921
8464 333365065561350001
8465 333511806962383921
8466 333681741624095281
8467 333827421620150641
8468 333993653990981041
8469 334145036602146001
8470 334311020234400721
8471 334456908649438801
8472 334629830257352401
8473 334775823068422801
8474 334940143851219601
8475 335092869871814161
8476 335259642473316241
8477 335406266748510001
8478 335577124116567601
8479 335723425092289201
8480 335892023138682481
8481 336043963408560241
8482 336208725982727761
8483 336355263231767761
8484 336529129414265041
8485 336676913379094801
8486 336841909162816081
8487 336994273804161361
8488 337161966157634161
8489 337308851505180721
8490 337481571117030961
8491 337628921777601841
8492 337796690236086961
8493 337949184084726961
8494 338114652566001841
8495 338262959659425841
8496 338437623864576241
8497 338584863902405041
8498 338751043716538801
8499 338903838665114161
8500 339073345657867441
8501 339220787683987921
8502 339392942548839121
8503 339540599517825361
8504 339709241967364561
8505 339864248308581841
8506 340030413441502321
8507 340178169329520241
8508 340353005320685041
8509 340500864560375281
8510 340668612518818801
8511 340822055589325681
8512 340991733560154481
8513 341139800854962001
8514 341312967676080721
8515 341462392776052561
8516 341631460647981361
8517 341785259796786481
8518 341952129184103281
8519 342100942371627121
8520 342278227352081521
8521 342426712473224401
8522 342593817053441521
8523 342748113903009841
8524 342917658693901681
8525 343067669746128241
8526 343241722069977841
8527 343390521076182001
8528 343560711626414641
8529 343715130312260401
8530 343884046546352881
8531 344033076780992881
8532 344209638743744881
8533 344359200105675121
8534 344527045757583601
8535 344683028524450801
8536 344853710244678001
8537 345003033375114961
8538 345177304920699601
8539 345326733023456401
8540 345499100176252561
8541 345654447761200081
8542 345822731621346001
8543 345972369816307921
8544 346149780648989521
8545 346300721910408721
8546 346469242290351601
8547 346625213947526641
8548 346796194874928721
8549 346946148976768081
8550 347122826734091281
8551 347272916248473361
8552 347444430504477361
8553 347600156431546801
8554 347769721987688881
8555 347921200746056881
8556 348099033188568241
8557 348249410167320241
8558 348418768584974641
8559 348575036541653041
8560 348748445734004401
8561 348899470807458481
8562 349075216100410801
8563 349225907710702321
8564 349397850553871761
8565 349555483918400401
8566 349725190222086481
8567 349876161793360081
8568 350055823939004881
8569 350206970215830481
8570 350378273923445521
8571 350534985108301201
8572 350707410259305361
8573 350858630426149681
8574 351035115698312881
8575 351188108059496881
8576 351361113166660081
8577 351518361417639121
8578 351688781939110321
8579 351840332290108081
8580 352021297291800241
8581 352172941192666321
8582 352344097780236241
8583 352501468106963281
8584 352674925435787281
8585 352828027653594001
8586 353005499602952881
8587 353157466931367601
8588 353330884801873201
8589 353489045162295601
8590 353661550996820401
8591 353813840519880241
8592 353994253210229041
8593 354146603508829681
8594 354317979433949521
8595 354477485730054481
8596 354651870151909201
8597 354804363894030961
8598 354982335350185201
8599 355134935545177201
8600 355310762748500401
8601 355469127472509361
8602 355641160696839601
8603 355794419465934001
8604 355975479966202801
8605 356129623175869681
8606 356301796328784241
8607 356460513661622641
8608 356635461398676241
8609 356788594601203441
8610 356969269841764081
8611 357122510223652081
8612 357297360446978641
8613 357456731028866641
8614 357629307505241041
8615 357783988736097361
8616 357965878598433361
8617 358119886797836881
8618 358292708378483281
8619 358452172233957841
8620 358628912890057681
8621 358782690386150161
8622 358962393736818961
8623 359116275232907281
8624 359292842563392721
8625 359453835506281681
8626 359627158218160081
8627 359781253959252241
8628 359963592638829841
8629 360117795576955441
8630 360292722510915121
8631 360453426787498801
8632 360629880106868401
8633 360784297976415601
8634 360964514316025201
8635 361120392407979121
8636 361296744505238641
8637 361457103848035441
8638 361631632883142001
8639 361786373627320561
8640 361971553738341361
8641 362126400902834641
8642 362300671647914641
8643 362461367976347281
8644 362638174547767921
8645 362795027260164721
8646 362976132112905841
8647 363131302062351601
8648 363308673655004401
8649 363469920736379041
8650 363646077886609921
8651 363801465546122881
8652 363985866280924801
8653 364141391114097601
8654 364316381599871041
8655 364479036540659521
8656 364656922504351201
8657 364812748411741921
8658 364994798571660961
8659 365151069712759201
8660 365330282230548961
8661 365491982083407841
8662 365667459579629281
8663 365823492481288801
8664 366008466216708001
8665 366165856339809121
8666 366342088085255521
8667 366504346927118881
8668 366682764267822241
8669 366839121599576641
8670 367023098908428481
8671 367179654985778881
8672 367358533987032001
8673 367521382450756801
8674 367697588988385441
8675 367855534688767201
8676 368041178783945281
8677 368197969388281441
8678 368374419810356641
8679 368537252189062561
8680 368718551333561761
8681 368875558874019841
8682 369058797647439361
8683 369215936639160961
8684 369395290734038401
8685 369559860349275841
8686 369736801612334401
8687 369894626152691521
8688 370081154014560961
8689 370238596027385761
8690 370417331468230561
8691 370580717437431841
8692 370760489623352161
8693 370918149172606081
8694 371102953563722881
8695 371261988774817921
8696 371442313691579521
8697 371606112821097601
8698 371783786041485601
8699 371941772270949601
8700 372130229180508001
8701 372288904558136161
8702 372466848968360161
8703 372631129668067681
8704 372812033690406721
8705 372971613557952001
8706 373156376138760961
8707 373314798643379521
8708 373496088592015681
8709 373660491835179841
8710 373840411169847361
8711 373999057445190721
8712 374187485477331121
8713 374346235714874641
8714 374524891231429681
8715 374691436882793521
8716 374872698475870321
8717 375031680521451121
8718 375217208163736561
8719 375376286585886961
8720 375559602537290161
8721 375724970509514161
8722 375904642603967761
8723 376064133013428241
8724 376252626074315281
8725 376413318595367281
8726 376592713205286961
8727 376758137936176561
8728 376940460894885361
8729 377100561256792561
8730 377288595027163441
8731 377448331174817521
8732 377630597315287921
8733 377796366348294001
8734 377976389973584881
8735 378137625411638641
8736 378327906500934001
8737 378487972190106961
8738 378668144604725521
8739 378834472392553681
8740 379018739561603281
8741 379179025196728561
8742 379366097373020401
8743 379526960682620401
8744 379710288173283601
8745 379878197402856721
8746 380058828359991601
8747 380219444291685361
8748 380409758348574961
8749 380570557637494321
8750 380753426841117361
8751 380920220125435441
8752 381104090543910001
8753 381265037225616721
8754 381452872718295121
8755 381615251399749201
8756 381799158124933201
8757 381967003788843601
8758 382148386763288401
8759 382309688163733201
8760 382502380916494801
8761 382663769304114481
8762 382845476092825201
8763 383012970322185841
8764 383197780366516081
8765 383360682786202801
8766 383549541278399281
8767 383711382978375601
8768 383896269296516881
8769 384064097588152081
8770 384247676620781521
8771 384410091814210321
8772 384601754740385041
8773 384763812647800081
8774 384946186810146961
8775 385116022106255761
8776 385301369716485361
8777 385463644550634481
8778 385653751750736881
8779 385816136929890481
8780 386002903099880881
8781 386171417663613361
8782 386354288336312881
8783 386516895580638001
8784 386709931078804561
8785 386874429381529681
8786 387057565125161041
8787 387226432447202641
8788 387412307880420241
8789 387575405782776721
8790 387767089492540561
8791 387930142317580561
8792 388117048910034961
8793 388286479105876081
8794 388470100444027921
8795 388634681295663121
8796 388827879932672401
8797 388991289821619601
8798 389175163393965841
8799 389345210713466641
8800 389533776902202961
8801 389697460415162641
8802 389888664671661841
8803 390052385279092561
8804 390239199537698641
8805 390410458821725521
8806 390595411698983761
8807 390759355587130321
8808 390953678199687121
8809 391117747290851281
8810 391303849711530001
8811 391474450872397201
8812 391661768044775761
8813 391826526182644561
8814 392018337885990481
8815 392184048561360721
8816 392372017374336721
8817 392542613055111121
8818 392727741881359921
8819 392892356829502321
8820 393089534063373841
8821 393254261032572721
8822 393439781188470961
8823 393610760206484401
8824 393799165736295601
8825 393965447070010321
8826 394157955521584081
8827 394323575624821201
8828 394511914989616081
8829 394683443577959281
8830 394870816317957361
8831 395036104154803441
8832 395232083500838641
8833 395397608450216401
8834 395584289516656081
8835 395757336324822481
8836 395946189996383041
8837 396111814964124001
8838 396305365380836641
8839 396471102827329441
8840 396662176342398241
8841 396834670348634401
8842 397021314891232321
8843 397187280736595521
8844 397383807729998401
8845 397551219121233601
8846 397738117084764481
8847 397910688028912321
8848 398101229923926721
8849 398267530528098721
8850 398463179722281121
8851 398629594264375201
8852 398819473879892161
8853 398992246360939201
8854 399179679191688001
8855 399348281553994561
8856 399546072255466561
8857 399712858245338881
8858 399900520379838721
8859 400073565602474881
8860 400265483656151041
8861 400432461731682721
8862 400627903614214561
8863 400794994780210081
8864 400986020038057921
8865 401161035493146241
8866 401349437412716161
8867 401516754912803521
8868 401714736795318721
8869 401882657126792161
8870 402072587821336801
8871 402246337194576481
8872 402437834093988481
8873 402605515923358081
8874 402801489077753281
8875 402970613321012161
8876 403162599667788481
8877 403336832646002881
8878 403525781794729921
8879 403693855990639681
8880 403894622933232961
8881 404062734643314241
8882 404251923725657761
8883 404427129466611361
8884 404619075780993601
8885 404788761022277761
8886 404985222297265921
8887 405153674534090881
8888 405346354195956481
8889 405521163372695041
8890 405712939309862401
8891 405881653442474881
8892 406081631241934081
8893 406250424897444001
8894 406440381826311841
8895 406616946534237601
8896 406810048842876001
8897 406979571290809441
8898 407176829567971681
8899 407346092177530081
8900 407540633950404481
8901 407716400873942401
8902 407906870852982721
8903 408076241514381121
8904 408277574116979521
8905 408448485640401601
8906 408639213821141761
8907 408815087102232961
8908 409008632716254721
8909 409178339951877121
8910 409378406262579841
8911 409548747442842241
8912 409742887642029601
8913 409919116581822241
8914 410110357866929281
8915 410281767733334401
8916 410482981909802881
8917 410653149224856001
8918 410845295430744001
8919 411022114086720961
8920 411218292980468161
8921 411388814042953921
8922 411587672785179841
8923 411758180455532161
8924 411952747365436801
8925 412131672354472321
8926 412323687025104001
8927 412494424568284801
8928 412697121421146241
8929 412867973280927841
8930 413061814516230241
8931 413239194023564641
8932 413434992167027041
8933 413606073743564161
8934 413805735954485761
8935 413978302038702721
8936 414173973112108321
8937 414351873185183521
8938 414544666269729121
8939 414716592593240161
8940 414921058835192161
8941 415092600462781441
8942 415285688857800961
8943 415463837038813441
8944 415660167822422401
8945 415833313960219201
8946 416034632760106561
8947 416206534096944961
8948 416402658689411041
8949 416581057706895841
8950 416776186362030241
8951 416948304212274721
8952 417152314300156321
8953 417325049687394721
8954 417519026590962241
8955 417699426764370241
8956 417896077865528641
8957 418068621762523681
8958 418269897397679521
8959 418442518082528161
8960 418641976362268321
8961 418821075355650721
8962 419015422687597441
8963 419188233706560961
8964 419392996021095361
8965 419567437164696001
8966 419762044841326081
8967 419942021810812801
8968 420139832325532801
8969 420312990625663201
8970 420516802375069921
8971 420690076538896801
8972 420887783482644961
8973 421067833263281281
8974 421263531216716161
8975 421438436419503361
8976 421644332126334721
8977 421817955888541441
8978 422013346643676721
8979 422193522602241841
8980 422393344773993841
8981 422567705895435121
8982 422770872008115121
8983 422944921625632561
8984 423143762826299761
8985 423325741412795761
8986 423521654300897041
8987 423696015726535441
8988 423902745135651601
8989 424077064815877201
8990 424274823587538001
8991 424455971871222481
8992 424655392667588401
8993 424829994624091921
8994 425033706656251921
8995 425210285888812561
8996 425409674424165841
8997 425590933044645841
8998 425787779639407441
8999 425962681325887441
9000 426171938980020241
9001 426346957306500721
9002 426544492787453041
9003 426726114287946481
9004 426925944241241521
9005 427102598017398001
9006 427307156763510001
9007 427482525321112561
9008 427683007175077681
9009 427865984585386801
9010 428065093165049521
9011 428240695469449201
9012 428448479394190321
9013 428624198649837841
9014 428821948619420881
9015 429005756122810321
9016 429207333853699921
9017 429383287745109841
9018 429588916643695441
9019 429764994289730641
9020 429967653685392721
9021 430150373064582481
9022 430348740269518801
9023 430525559068578001
9024 430734584289785041
9025 430912454943422881
9026 431110995736210561
9027 431294353972508161
9028 431495790982422721
9029 431672447717956321
9030 431880873576557281
9031 432057780544345441
9032 432259825928821441
9033 432443269095852481
9034 432642338273706721
9035 432820844774769121
9036 433030570243274401
9037 433208213371074721
9038 433407547092652321
9039 433591371237476641
9040 433795618412945761
9041 433972980442367041
9042 434180127074940481
9043 434357606835542401
9044 434560773201417601
9045 434746677114096001
9046 434946540626018881
9047 435124256453292481
9048 435335005018956481
9049 435512838285672481
9050 435714580916755201
9051 435899660934101761
9052 436102711151066881
9053 436280914135461121
9054 436489005275364481
9055 436668618015260161
9056 436872327285359041
9057 437057236524738241
9058 437258481496171201
9059 437436904982342401
9060 437649715773515521
9061 437828377675639681
9062 438029320123036801
9063 438214870466611201
9064 438419224589529601
9065 438599963548370881
9066 438808607200290241
9067 438987503801193601
9068 439191625259426881
9069 439377270455115841
9070 439580340637106881
9071 439759475858976961
9072 439972757644557121
9073 440152011903466561
9074 440353828896130561
9075 440541483805091521
9076 440746145982138721
9077 440925642516911521
9078 441135158698549921
9079 441315290176659361
9080 441522216271452961
9081 441708845912319361
9082 441911134602111361
9083 442090985984112001
9084 442303789977104641
9085 442485209133277441
9086 442688479732803841
9087 442875317538693121
9088 443081195249838721
9089 443261398075494721
9090 443473666168680961
9091 443653987130418241
9092 443859733608141601
9093 444047402119921441
9094 444250464098621281
9095 444432504852993121
9096 444646519145121121
9097 444827333121030241
9098 445030663168314241
9099 445218413990336641
9100 445427068782698881
9101 445608011830634881
9102 445819158093909121
9103 446000194062483841
9104 446207154190518241
9105 446396521885693921
9106 446600397189359521
9107 446782200410708641
9108 446997158308997281
9109 447178552488684481
9110 447384321242673601
9111 447572557660188481
9112 447780062443346881
9113 447961778366593921
9114 448174380532732801
9115 448357587418677121
9116 448564971518937601
9117 448753829550030241
9118 448958505675242401
9119 449140634656749601
9120 449358157143290401
9121 449540800101058081
9122 449745743515699201
9123 449934724685735041
9124 450142651240550881
9125 450326474009455201
9126 450539676600108001
9127 450722148247640161
9128 450931312982244961
9129 451120705838552161
9130 451327988777562721
9131 451510715460290401
9132 451726910688676321
9133 451909742438029441
9134 452115495726919681
9135 452307560584788481
9136 452516710749005761
9137 452699782829250721
9138 452913437057811361
9139 453096743104640161
9140 453307437630275041
9141 453497682443666401
9142 453704578274423521
9143 453888013923790561
9144 454105721910785761
9145 454290750823016161
9146 454497358172182561
9147 454687834735270561
9148 454897406415668641
9149 455081736595685281
9150 455297964297476641
9151 455481879194265121
9152 455692390205012641
9153 455883504122885761
9154 456090628987013761
9155 456276258412179841
9156 456494798143559041
9157 456679075037853601
9158 456886484719840801
9159 457077714868069921
9160 457290158704765921
9161 457474677194433601
9162 457690304115151201
9163 457875660206158561
9164 458086342509070561
9165 458279568375372001
9166 458487491753674081
9167 458672373463632481
9168 458891557074983521
9169 459076560667080481
9170 459287033874320161
9171 459479267640084961
9172 459690493100805121
9173 459875737643377441
9174 460092089471780641
9175 460278950001108001
9176 460490825390215201
9177 460683787052781601
9178 460892623148492641
9179 461078232119962081
9180 461299960197005281
9181 461485689831423361
9182 461694703953098881
9183 461887438364497921
9184 462100530676281601
9185 462288131835813121
9186 462505170623393281
9187 462691264631922241
9188 462903597432258721
9189 463096965317618881
9190 463308202726188481
9191 463495168415586241
9192 463716030653691841
9193 463902497163642241
9194 464112331841458081
9195 464307370743572641
9196 464520449789142241
9197 464707190149232161
9198 464926005491815201
9199 465112829677639201
9200 465328146129897121
9201 465522016125751201
9202 465732401850191521
9203 465919469852214241
9204 466140921017948641
9205 466330158647255521
9206 466540816025988001
9207 466735484676074401
9208 466949573047735201
9209 467137007171654401
9210 467357501523467521
9211 467545058674874881
9212 467759687526539521
9213 467954321234184961
9214 468165571273155841
9215 468354902208829441
9216 468577847825471281
9217 468765856391312881
9218 468977497511140081
9219 469173076087933681
9220 469389351639142321
9221 469577519439349201
9222 469797130449070801
9223 469985436192895441
9224 470200642517246641
9225 470397872585115601
9226 470610524079502801
9227 470799059434722961
9228 471022144837324561
9229 471210944559014161
9230 471425050266178321
9231 471620862680881681
9232 471836675543078641
9233 472026129670464241
9234 472246923586733041
9235 472437461968834801
9236 472653139995152401
9237 472849294524061201
9238 473062163488285201
9239 473251435388826001
9240 473478400107315601
9241 473667794951600881
9242 473880933329734801
9243 474077820294560401
9244 474294059251745041
9245 474485219674668721
9246 474706558110037681
9247 474896875352852401
9248 475113862195860481
9249 475310782204995841
9250 475526202125988481
9251 475716363042240961
9252 475941490971609121
9253 476131652318514721
9254 476346245823732001
9255 476545127747458081
9256 476762680925482081
9257 476953061236904641
9258 477175243589388481
9259 477365749183830721
9260 477584851830847681
9261 477783389311807681
9262 477998075581197121
9263 478188827300329921
9264 478414968609276481
9265 478607409238457281
9266 478822215656922241
9267 479020287616400641
9268 479238850563321601
9269 479430081340542721
9270 479655210757870081
9271 479846456737128961
9272 480065073088536961
9273 480263679140000641
9274 480479039138165281
9275 480672640470492961
9276 480899225188667041
9277 481090842133531201
9278 481306480914830401
9279 481505586350880961
9280 481726552246565761
9281 481918417158975841
9282 482143132677552481
9283 482335121653917601
9284 482554344463186081
9285 482755166684741281
9286 482971363753870561
9287 483163604825904481
9288 483391774976112481
9289 483584697285959521
9290 483802905672853921
9291 484002549691055521
9292 484222192933230241
9293 484414803031652161
9294 484639587363284161
9295 484834098219961921
9296 485055073331649601
9297 485255339729425441
9298 485472376035757441
9299 485665398730990081
9300 485895595871193601
9301 486088704456130561
9302 486306020990066881
9303 486506994537904321
9304 486727849037723521
9305 486922753106875201
9306 487148879685783361
9307 487342364427410881
9308 487563226406057281
9309 487764012097692481
9310 487984307105369281
9311 488178038596704961
9312 488407719653071681
9313 488601576728354881
9314 488819735392165921
9315 489022805701527841
9316 489244182001428961
9317 489439000532844001
9318 489665530754425441
9319 489859762036527841
9320 490083533885483041
9321 490285180388958241
9322 490503903188190241
9323 490698384687694561
9324 490929485871391201
9325 491125661872259521
9326 491344664838715201
9327 491546609064196801
9328 491769393390623041
9329 491964279029643841
9330 492193504835995201
9331 492389064900855361
9332 492611538416721121
9333 492814182389801761
9334 493033849377392161
9335 493230644685839521
9336 493462050331583521
9337 493657409284164481
9338 493877926852625281
9339 494080803857020801
9340 494305634391502081
9341 494501244528819361
9342 494729842849606561
9343 494925578659992481
9344 495149349127130881
9345 495354686923380481
9346 495575101896891361
9347 495771178422190561
9348 496003117603745761
9349 496199230756277761
9350 496421921035405441
9351 496625697378503041
9352 496850641711789441
9353 497047008611245441
9354 497276174581587841
9355 497474237488782721
9356 497698431892317121
9357 497902331033872321
9358 498123596117766721
9359 498320914546781761
9360 498556443333849601
9361 498753480618370561
9362 498975037058496001
9363 499179328691072641
9364 499404098689714081
9365 499602797432402401
9366 499833517225390561
9367 500030842315534561
9368 500256285854499361
9369 500461251260873761
9370 500685145577474401
9371 500882646466709281
9372 501116515444588321
9373 501314809385436961
9374 501537214315155361
9375 501743946296002081
9376 501970022236004161
9377 502167902731756321
9378 502399142648117761
9379 502597150270907521
9380 502825546506483841
9381 503031021014144641
9382 503253992870708161
9383 503452402415515201
9384 503687462827137601
9385 503887437320309761
9386 504110828677700641
9387 504317568672164641
9388 504544071365553121
9389 504742715431660321
9390 504976392101283361
9391 505175160236516641
9392 505402389462290401
9393 505608658230566881
9394 505833308961999841
9395 506033923373065441
9396 506269749188442241
9397 506468898551748001
9398 506693017652921761
9399 506899768891474081
9400 507129369479563681
9401 507329395728677281
9402 507562107725124001
9403 507761638803642721
9404 507989301559793761
9405 508198474743627361
9406 508423162127391841
9407 508622964376729441
9408 508860515549154721
9409 509060429049379441
9410 509287203000582961
9411 509494652709201841
9412 509723000906690161
9413 509923169260609681
9414 510157082444469841
9415 510359569419151441
9416 510588668327714641
9417 510796518217642321
9418 511022112574062481
9419 511222663943756881
9420 511461864259037521
9421 511662543409148401
9422 511889037766971121
9423 512097567709851121
9424 512327168647783921
9425 512529824365596721
9426 512764323010674481
9427 512965536889460401
9428 513194947155971281
9429 513404197771139281
9430 513632442821714641
9431 513833761688112721
9432 514072695200530321
9433 514274142173107441
9434 514500843944213041
9435 514711604199693361
9436 514942269495320881
9437 515143972843269841
9438 515379652445140561
9439 515581484062305361
9440 515814068237054161
9441 516023785212746161
9442 516251062351048081
9443 516453769964027281
9444 516692890200293521
9445 516896724685402321
9446 517124290796509201
9447 517334133021231121
9448 517565401690207921
9449 517768027591078321
9450 518007249646015921
9451 518209944238887601
9452 518441158073521201
9453 518651415015893041
9454 518879569214328241
9455 519084059586106801
9456 519324554917170481
9457 519528136962113041
9458 519756571461091441
9459 519967490250346801
9460 520201276896559921
9461 520404523065963601
9462 520641753790290001
9463 520845128882093521
9464 521078358330576721
9465 521291087917914961
9466 521520102567725041
9467 521723735667860401
9468 521965002293763121
9469 522168805955118961
9470 522399945489346801
9471 522612167200481521
9472 522845264277400081
9473 523049284799036401
9474 523287384128655601
9475 523493180167441201
9476 523726131594047281
9477 523938364114090321
9478 524168921055001681
9479 524373329489219281
9480 524617547584067281
9481 524822115253667281
9482 525052466089210321
9483 525264722542234321
9484 525498245059660561
9485 525705282134891281
9486 525944660249517841
9487 526149588077162641
9488 526383856613954161
9489 526596507329700721
9490 526829220884958961
9491 527034406618824241
9492 527277899465574961
9493 527483369197527601
9494 527714424559199281
9495 527929467444485041
9496 528164278891526641
9497 528369854013080401
9498 528609767425058641
9499 528816090135689041
9500 529052723829276241
9501 529266182334154321
9502 529497819819938641
9503 529703923103564881
9504 529948624576345681
9505 530156368407974161
9506 530388976957463281
9507 530602840122906481
9508 530838139971134161
9509 531044499431408401
9510 531287249928495121
9511 531493735536454801
9512 531729749000686801
9513 531944926339346641
9514 532177443956045521
9515 532386000780215761
9516 532630744321459921
9517 532837627910815441
9518 533070437500572241
9519 533285142865001041
9520 533524427064832081
9521 533731564663494961
9522 533973641002456801
9523 534180909626940001
9524 534417399358371841
9525 534634214086072321
9526 534867786565226881
9527 535075921058524801
9528 535321899285273601
9529 535529653983975361
9530 535765214772099841
9531 535980997291376641
9532 536218083465734401
9533 536426005263119521
9534 536669364499389601
9535 536879081610224161
9536 537116930889668161
9537 537333031220700481
9538 537567345663535681
9539 537775660301412481
9540 538024449231470401
9541 538233513224712001
9542 538468195149107521
9543 538684497022253761
9544 538922887244796961
9545 539133282540249121
9546 539376859585320481
9547 539585698779798241
9548 539824863121332961
9549 540041859893262721
9550 540278921949306241
9551 540488023751982721
9552 540735918427374721
9553 540945154669047361
9554 541180663871965441
9555 541400259530411521
9556 541639141048933921
9557 541848667721433121
9558 542093493612157921
9559 542303279331690721
9560 542544787257258721
9561 542762315405829601
9562 542999056857393121
9563 543208948438270561
9564 543457300116012001
9565 543669002962271521
9566 543905352574317601
9567 544123578786798241
9568 544363958800766881
9569 544574858144418721
9570 544822428336009121
9571 545032889312378401
9572 545272972748242561
9573 545491320983222401
9574 545728264065455041
9575 545940645085748161
9576 546191455488500161
9577 546402270595678081
9578 546639510785189281
9579 546858277378500001
9580 547100888771344801
9581 547312222593017761
9582 547558557824981281
9583 547770388379302561
9584 548011840126294561
9585 548233067537801761
9586 548470902686759041
9587 548682377876760001
9588 548932657240436161
9589 549144267489846721
9590 549385005468242881
9591 549604605822598081
9592 549846793008982081
9593 550058666960056321
9594 550306372197983041
9595 550520104638795841
9596 550761998499339841
9597 550982634471389761
9598 551221363923293761
9599 551433642924384961
9600 551687330521311361
9601 551899733523423841
9602 552138761573732161
9603 552359626637342401
9604 552602835051535921
9605 552817248770881201
9606 553065439627706161
9607 553278337953424561
9608 553521556187145361
9609 553742377043141521
9610 553983928153153201
9611 554197616724815281
9612 554450072685551281
9613 554663273111806801
9614 554903433453464401
9615 555126438098076241
9616 555370316477715121
9617 555583784243532721
9618 555833632721561521
9619 556047232607239921
9620 556293012347579761
9621 556514954726716561
9622 556755528471793681
9623 556969394940762001
9624 557222883442064401
9625 557439400578274321
9626 557680225449198001
9627 557902289585175601
9628 558146621916462001
9629 558360888676107601
9630 558613278513212881
9631 558827678813994961
9632 559073500808790481
9633 559296114168284881
9634 559537539974355121
9635 559753930088049841
9636 560008124532596401
9637 560222943447015601
9638 560464671650420401
9639 560688569683819441
9640 560936191447008241
9641 561151267512226801
9642 561402259242727921
9643 561617461955697841
9644 561863003924058481
9645 562088102495376241
9646 562331250330822001
9647 562546882845339121
9648 562802665808616241
9649 563018270477364241
9650 563262857758889521
9651 563486586848679601
9652 563732776386164401
9653 563949280533616081
9654 564201210549990481
9655 564418945731748561
9656 564665878383095761
9657 564890335131676561
9658 565133752488258961
9659 565350126636927121
9660 565608852784490641
9661 565825262865718321
9662 566068799816213041
9663 566293364494645681
9664 566540920731094321
9665 566759333160211441
9666 567012550715347441
9667 567229996363422961
9668 567477376060332241
9669 567702528354340561
9670 567948623880718801
9671 568165738320190801
9672 568423164366450001
9673 568640426077443601
9674 568885584228414481
9675 569113107635107921
9676 569361106745415121
9677 569578593826631281
9678 569832407424142321
9679 570050029381063921
9680 570300988483965841
9681 570527468817651601
9682 570772523824095121
9683 570990433611042961
9684 571248592357533361
9685 571468463590317361
9686 571713829971750961
9687 571940072063843761
9688 572190143416720561
9689 572408440588665361
9690 572665327274284561
9691 572883923768415121
9692 573133150340574481
9693 573360124014942481
9694 573606093695625361
9695 573827189019296401
9696 574086472018194961
9697 574305310366644721
9698 574551691780470961
9699 574778778228508081
9700 575030637482116561
9701 575249747233900561
9702 575506733609161681
9703 575725985793005521
9704 575976567584964721
9705 576205893250086001
9706 576452792837570161
9707 576672353595306481
9708 576932092915079281
9709 577152417771988081
9710 577401579874230001
9711 577629913485790321
9712 577881169206061681
9713 578101257821297521
9714 578357914357534321
9715 578579743928484721
9716 578831558570601841
9717 579059912925955441
9718 579307712303792881
9719 579528043497863281
9720 579791644397898481
9721 580012111640865361
9722 580260213840330481
9723 580489654663995121
9724 580741713059209201
9725 580964232615138001
9726 581221841493767761
9727 581442717922451281
9728 581695261999220881
9729 581924783872106641
9730 582176219780791441
9731 582397372486469521
9732 582659042945719441
9733 582880327658320561
9734 583129358123544241
9735 583360992062539441
9736 583614061000625041
9737 583836365913167761
9738 584095271503988401
9739 584316965708089201
9740 584571937146695281
9741 584802030773309041
9742 585051667304862961
9743 585273634783760881
9744 585537558341572081
9745 585761439375676081
9746 586011571320389041
9747 586242393246638641
9748 586495964892432721
9749 586718342704452721
9750 586980075314267761
9751 587203240666859761
9752 587457581936421361
9753 587688479941954801
9754 587939040102084241
9755 588163611061848721
9756 588427570913600401
9757 588650664110367121
9758 588902318909719441
9759 589133643319587601
9760 589390690846867921
9761 589613893667989201
9762 589874373702893521
9763 590097812580868561
9764 590352634886046001
9765 590587239078158641
9766 590838761822213041
9767 591062373667172401
9768 591327616165566001
9769 591551365406432401
9770 591805174973253841
9771 592037353766045521
9772 592293547695869521
9773 592517581088683921
9774 592779381569880721
9775 593005415546893201
9776 593261790342856081
9777 593494397114881681
9778 593746811361200881
9779 593972071985810161
9780 594239757944909041
9781 594464332743279121
9782 594717058380343441
9783 594950401905110161
9784 595207232335257361
9785 595433914825036561
9786 595697085820047121
9787 595922074157584081
9788 596178780151876561
9789 596412350739337681
9790 596667914433424081
9791 596893178745585361
9792 597160648041948721
9793 597386707575900721
9794 597640364625891121
9795 597876129642335281
9796 598133474749688881
9797 598359153913100401
9798 598622548741204081
9799 598848368972461681
9800 599109303459578881
9801 599344125690394801
9802 599598529368771601
9803 599824622958682321
9804 600092186587815121
9805 600320234478066001
9806 600574823358294481
9807 600810262335042001
9808 601069042692411121
9809 601295597788509361
9810 601562406499662961
9811 601789054070558641
9812 602047847326730161
9813 602283033023290801
9814 602538989573960881
9815 602767834054879921
9816 603036798621295921
9817 603263862271259281
9818 603519386947948081
9819 603755315973149041
9820 604016621819754481
9821 604244645685293041
9822 604509958251822961
9823 604737644782178161
9824 604997700620583601
9825 605235653785041841
9826 605491855746038641
9827 605719621644539761
9828 605990392005525361
9829 606218289340674961
9830 606476803806545041
9831 606713295943063441
9832 606973924954459441
9833 607202100637468561
9834 607468586972380561
9835 607699399410568081
9836 607959900586489681
9837 608197129493211121
9838 608454218921700721
9839 608682812551313521
9840 608955984644680561
9841 609184821815227441
9842 609443018139605041
9843 609680415788005681
9844 609941574784073521
9845 610172592443964721
9846 610440208158783601
9847 610669362745244401
9848 610931266223881201
9849 611169745897382641
9850 611429858034870481
9851 611659289088162961
9852 611930758939633681
9853 612160330929150481
9854 612418794343489681
9855 612659248547790481
9856 612922818403700881
9857 613152668934691441
9858 613420920316471921
9859 613650910786899121
9860 613915487489398321
9861 614154176147023921
9862 614413151693846641
9863 614644093556227441
9864 614917384259138641
9865 615149638173714961
9866 615408928967669041
9867 615648326895543601
9868 615911378860544881
9869 616142070610650481
9870 616414239528789361
9871 616645070828784241
9872 616908950161256401
9873 617148793137228721
9874 617408715192729361
9875 617641691502258961
9876 617915150135969041
9877 618147124436082961
9878 618407558029794961
9879 618647526208348561
9880 618914267012860561
9881 619145803943568721
9882 619416380778355441
9883 619648054954768561
9884 619913159192737201
9885 620155482988666801
9886 620416353856252081
9887 620648309446757041
9888 620923302403016881
9889 621155590484015281
9890 621418892586118321
9891 621660752911738801
9892 621925728857510161
9893 622158212767486801
9894 622429458312064081
9895 622663837567081681
9896 622929589362263281
9897 623170866526391281
9898 623433454321985041
9899 623666289464541841
9900 623944544054938321
9901 624177486389266801
9902 624439625927547121
9903 624681342176488561
9904 624947795923398961
9905 625183571901480241
9906 625455873910455601
9907 625689239990210161
9908 625955503787661841
9909 626197991834100241
9910 626462869450847761
9911 626696743020610321
9912 626974485131074321
9913 627208294687871761
9914 627471388423738801
9915 627715925208753841
9916 627982840650726961
9917 628216916393759281
9918 628490497150607281
9919 628725502204213681
9920 628995408557811121
9921 629238445256794801
9922 629502378532502161
9923 629736877111734481
9924 630014342402093521
9925 630250874944799281
9926 630515695017522481
9927 630759494993705521
9928 631027888470766321
9929 631262812680067921
9930 631539167040160081
9931 631774233240518161
9932 632042558744651281
9933 632287376419833361
9934 632552065625811601
9935 632789298782764561
9936 633068713949049361
9937 633304240800844561
9938 633569249872898161
9939 633813611822100721
9940 634085405499095281
9941 634321182513004561
9942 634596338716033681
9943 634832259158242321
9944 635102099553336721
9945 635349351948049681
9946 635615001525136561
9947 635851906082896561
9948 636131389294758961
9949 636367735990122961
9950 636635851024218961
9951 636881107577117521
9952 637151461483077841
9953 637388098046743441
9954 637665423817034641
9955 637904271927277201
9956 638174463810099601
9957 638420155818406801
9958 638686889444426641
9959 638923969017862801
9960 639207193454048401
9961 639445087944846481
9962 639712075969160401
9963 639958554075689041
9964 640229362633638481
9965 640468751353856401
9966 640746113363487121
9967 640983745195662481
9968 641256190270561681
9969 641502771660842641
9970 641772489562086481
9971 642010517111924881
9972 642292400387150641
9973 642530461631226961
9974 642798361102083601
9975 643048142425808401
9976 643320406122656401
9977 643558933003090321
9978 643837089065769361
9979 644075628782806801
9980 644349916454086801
9981 644597716715377201
9982 644867075444347441
9983 645105854390059441
9984 645389064531447601
9985 645629897523621361
9986 645898765110482641
9987 646146684594031441
9988 646419655232389201
9989 646659561505308241
9990 646941347194869841
9991 647180700259191121
9992 647454261410691121
9993 647702627998701361
9994 647972181598586161
9995 648213738900026161
9996 648498174222863281
9997 648738067429770481
9998 649007905462170481
9999 649257236238294001
10000 649533725496097441
